Date,Price,Open,High,Low,Vol.,Change %
"Feb 01, 2020",302.6,317.3,322.55,296.6,61.84M,-4.98
"Jan 31, 2020",318.45,313.7,321.7,308.6,92.66M,2.49
"Jan 30, 2020",310.7,316.75,316.75,305.65,35.80M,-1.82
"Jan 29, 2020",316.45,317.85,319.7,315.55,23.91M,0.43
"Jan 28, 2020",315.1,317.95,320,311.05,26.49M,-0.35
"Jan 27, 2020",316.2,320.9,322,315.8,23.31M,-2.42
"Jan 24, 2020",324.05,323.5,327.3,321.15,22.71M,0.26
"Jan 23, 2020",323.2,316,324.8,314.15,33.29M,2.23
"Jan 22, 2020",316.15,317,317,313.7,24.99M,0.78
"Jan 21, 2020",313.7,313.8,316.95,312,30.59M,-0.1
"Jan 20, 2020",314,321,321.45,313.4,30.68M,-1.26
"Jan 17, 2020",318,313,323.5,310.1,58.40M,-1.64
"Jan 16, 2020",323.3,324,326.9,322.35,26.65M,-0.29
"Jan 15, 2020",324.25,329,329.2,322.35,32.63M,-1.14
"Jan 14, 2020",328,329.8,331.7,326.5,26.30M,-0.83
"Jan 13, 2020",330.75,334,335.45,329.05,23.62M,-0.45
"Jan 10, 2020",332.25,331,337.95,328.1,42.38M,0.62
"Jan 09, 2020",330.2,326.9,331.4,325,40.35M,3.25
"Jan 08, 2020",319.8,312.1,321.5,311,44.53M,0.44
"Jan 07, 2020",318.4,324.45,327,315.4,50.97M,-0.19
"Jan 06, 2020",319,331.7,331.7,317.7,35.65M,-4.41
"Jan 03, 2020",333.7,337.95,337.95,332,21.85M,-1.65
"Jan 02, 2020",339.3,334.5,339.85,333.35,20.32M,1.45
"Jan 01, 2020",334.45,334.7,335.95,332.15,17.38M,0.21
"Dec 31, 2019",333.75,334.4,336.35,332.55,23.80M,-0.19
"Dec 30, 2019",334.4,337.75,337.85,332.5,22.78M,-0.85
"Dec 27, 2019",337.25,333.4,338.35,333,33.48M,2.24
"Dec 26, 2019",329.85,333,333.45,328.1,24.62M,-0.48
"Dec 24, 2019",331.45,333.2,334.2,329.2,21.75M,-0.29
"Dec 23, 2019",332.4,335.7,338.85,330.35,30.15M,-1.61
"Dec 20, 2019",337.85,330.35,339.5,330.35,51.84M,2.96
"Dec 19, 2019",328.15,327.35,329.6,324.5,27.52M,0.37
"Dec 18, 2019",326.95,335,335.55,325.8,26.45M,-1.79
"Dec 17, 2019",332.9,333.25,335.75,330.65,26.73M,0.32
"Dec 16, 2019",331.85,335.95,337.25,330.8,35.03M,-0.21
"Dec 13, 2019",332.55,325.2,333.45,325,40.96M,3.32
"Dec 12, 2019",321.85,314,322.95,313.55,37.80M,2.89
"Dec 11, 2019",312.8,311.2,315.75,308,52.56M,-0.19
"Dec 10, 2019",313.4,317.2,322.65,312.25,52.16M,-1.04
"Dec 09, 2019",316.7,318.95,327.65,314.75,52.44M,-1.03
"Dec 06, 2019",320,336.7,337.65,318,47.03M,-4.82
"Dec 05, 2019",336.2,343,344.6,335.15,30.43M,-1.65
"Dec 04, 2019",341.85,334.1,342.95,331.85,26.79M,1.67
"Dec 03, 2019",336.25,341,342.95,333.35,26.48M,-0.66
"Dec 02, 2019",338.5,343.9,344.35,336.2,20.65M,-0.98
"Nov 29, 2019",341.85,348.85,348.85,340.6,23.08M,-2.13
"Nov 28, 2019",349.3,346.85,351,344.5,42.54M,1.67
"Nov 27, 2019",343.55,335.95,345.55,334.05,33.97M,2.4
"Nov 26, 2019",335.5,338,340,332.6,36.46M,-0.18
"Nov 25, 2019",336.1,329,337.5,328.35,27.56M,2.06
"Nov 22, 2019",329.3,331.45,333.8,328.25,28.98M,-0.62
"Nov 21, 2019",331.35,329.25,332.85,326.55,34.12M,0.78
"Nov 20, 2019",328.8,332,332.5,325.1,29.97M,-0.48
"Nov 19, 2019",330.4,325.8,331.8,322.1,41.37M,1.63
"Nov 18, 2019",325.1,324,329.85,323.75,39.01M,0.99
"Nov 15, 2019",321.9,312,323.7,310.05,95.20M,5.2
"Nov 14, 2019",306,306.95,309.5,299.7,43.62M,-0.26
"Nov 13, 2019",306.8,316.05,318.6,305.65,32.68M,-3.6
"Nov 11, 2019",318.25,314.7,319.65,313.1,20.49M,0.71
"Nov 08, 2019",316,316.2,321,314.5,25.42M,-0.68
"Nov 07, 2019",318.15,318.25,323.3,316.8,33.93M,0.19
"Nov 06, 2019",317.55,318.95,318.95,314,32.16M,-0.52
"Nov 05, 2019",319.2,313.9,322,312.8,50.08M,1.56
"Nov 04, 2019",314.3,316,319,312.35,31.54M,0.24
"Nov 01, 2019",313.55,312.4,315,308.6,44.89M,0.37
"Oct 31, 2019",312.4,293.35,317.8,292.75,128.45M,7.76
"Oct 30, 2019",289.9,283,291,279.25,51.47M,3.3
"Oct 29, 2019",280.65,283.15,285,278.55,51.03M,-0.41
"Oct 27, 2019",281.8,281.8,281.8,281.8,0,0.09
"Oct 25, 2019",281.55,265.8,284.15,263.55,105.52M,7.26
"Oct 24, 2019",262.5,276,277.65,248.65,63.94M,-4.7
"Oct 23, 2019",275.45,270.75,277.8,268.65,31.79M,1.83
"Oct 22, 2019",270.5,270.4,275,268.5,27.57M,0.32
"Oct 18, 2019",269.65,264.4,271.35,263.2,33.20M,1.58
"Oct 17, 2019",265.45,256.4,266,255.6,37.06M,3.67
"Oct 16, 2019",256.05,259.3,261.95,255,30.89M,-0.93
"Oct 15, 2019",258.45,256.45,259.9,254.8,23.45M,1.17
"Oct 14, 2019",255.45,256.95,259.4,254,28.27M,0.35
"Oct 11, 2019",254.55,256.2,261.4,251.5,43.27M,0.16
"Oct 10, 2019",254.15,258,258,252.6,37.58M,-2.61
"Oct 09, 2019",260.95,250.1,262,244.35,60.33M,4.76
"Oct 07, 2019",249.1,251.5,253.4,246.85,39.16M,-0.34
"Oct 04, 2019",249.95,258.5,260.5,248.55,60.03M,-1.65
"Oct 03, 2019",254.15,254,260.7,250.1,56.21M,-0.7
"Oct 01, 2019",255.95,272.75,275.5,245.55,79.35M,-5.48
"Sep 30, 2019",270.8,281.4,281.85,270.15,41.09M,-3.7
"Sep 27, 2019",281.2,282.7,286.05,280,37.85M,-0.23
"Sep 26, 2019",281.85,281.5,289.9,277,79.01M,0.57
"Sep 25, 2019",280.25,297,297.5,278.7,73.06M,-7.39
"Sep 24, 2019",302.6,313.15,315.15,300.8,40.10M,-3.55
"Sep 23, 2019",313.75,307.55,316,300.4,54.18M,3.99
"Sep 20, 2019",301.7,274.5,307.65,268.4,84.48M,10.09
"Sep 19, 2019",274.05,279.95,279.95,273.05,23.39M,-2.26
"Sep 18, 2019",280.4,277.2,282.95,274.4,25.48M,2.35
"Sep 17, 2019",273.95,285,286.45,273,21.53M,-3.78
"Sep 16, 2019",284.7,288.2,290.45,283.8,18.27M,-2.4
"Sep 13, 2019",291.7,285,292.5,282,27.30M,1.62
"Sep 12, 2019",287.05,286.75,288.8,284.15,21.96M,0.63
"Sep 11, 2019",285.25,278.5,285.85,278.5,21.00M,2.61
"Sep 09, 2019",278,273.95,278.7,271,18.62M,1.48
"Sep 06, 2019",273.95,275.05,277,272.1,16.68M,0.24
"Sep 05, 2019",273.3,275,276.35,271.05,25.09M,-0.65
"Sep 04, 2019",275.1,269.7,275.85,267.25,27.31M,2.5
"Sep 03, 2019",268.4,272,272,266.95,21.24M,-1.99
"Aug 30, 2019",273.85,275.95,277.95,266.85,45.70M,-0.24
"Aug 29, 2019",274.5,283.2,284.3,273.3,27.08M,-3.65
"Aug 28, 2019",284.9,286.65,286.65,282.2,18.98M,-0.28
"Aug 27, 2019",285.7,284,288,282.6,45.16M,1.96
"Aug 26, 2019",280.2,288,288,270,64.07M,3.36
"Aug 23, 2019",271.1,267.1,275.25,262.7,35.21M,0.95
"Aug 22, 2019",268.55,278.3,278.3,267.3,27.73M,-3.19
"Aug 21, 2019",277.4,285.5,285.6,276.3,28.23M,-2.22
"Aug 20, 2019",283.7,287.3,287.4,280.65,23.20M,-1.1
"Aug 19, 2019",286.85,292,292.4,286,19.83M,-1.39
"Aug 16, 2019",290.9,287.95,292.8,284.3,20.05M,0.4
"Aug 14, 2019",289.75,285.05,291.25,284.5,18.52M,2.26
"Aug 13, 2019",283.35,290.9,291.55,282.5,24.23M,-2.75
"Aug 09, 2019",291.35,296.3,298,290.05,23.38M,-1.02
"Aug 08, 2019",294.35,290,295.5,285.6,32.93M,1.54
"Aug 07, 2019",289.9,302.4,302.45,288.8,30.82M,-3.82
"Aug 06, 2019",301.4,298.8,304.25,297.25,30.44M,0.38
"Aug 05, 2019",300.25,298.45,302.85,291.7,48.82M,-2.66
"Aug 02, 2019",308.45,315.55,322.25,307.05,64.47M,-2.74
"Aug 01, 2019",317.15,330.8,331.5,311.35,40.85M,-4.53
"Jul 31, 2019",332.2,325.1,333.2,323.9,22.74M,1.42
"Jul 30, 2019",327.55,344.4,346.7,325.85,24.44M,-4.73
"Jul 29, 2019",343.8,343.95,346.55,336.8,17.06M,0.35
"Jul 26, 2019",342.6,340.8,346.15,340.5,16.14M,0.38
"Jul 25, 2019",341.3,341.7,343.2,337.4,19.86M,0.5
"Jul 24, 2019",339.6,341.85,344.7,336.25,20.82M,-0.76
"Jul 23, 2019",342.2,351.2,353,341,27.96M,-2.47
"Jul 22, 2019",350.85,356,359.55,348.7,19.68M,-1.45
"Jul 19, 2019",356,365.1,366.05,355.15,22.21M,-2.1
"Jul 18, 2019",363.65,371.95,373.8,362.55,21.69M,-2.35
"Jul 17, 2019",372.4,364.05,373.55,363.05,17.55M,2.21
"Jul 16, 2019",364.35,358.5,366,357.65,16.25M,1.19
"Jul 15, 2019",360.05,364.1,365,357.6,15.67M,-0.98
"Jul 12, 2019",363.6,363,366.55,361.5,14.66M,0.11
"Jul 11, 2019",363.2,358.5,364,357,20.05M,2.54
"Jul 10, 2019",354.2,360.55,361.5,351.3,18.68M,-1.47
"Jul 09, 2019",359.5,353.5,360,352.5,16.58M,1.18
"Jul 08, 2019",355.3,368,368.45,353.5,27.25M,-4.14
"Jul 05, 2019",370.65,369.45,373.6,366,30.02M,0.88
"Jul 04, 2019",367.4,367.25,370.9,366.2,19.25M,0.34
"Jul 03, 2019",366.15,365.25,366.7,363,12.63M,0.45
"Jul 02, 2019",364.5,362.15,365,360.35,14.48M,0.82
"Jul 01, 2019",361.55,362.8,363,358.5,12.35M,0.08
"Jun 28, 2019",361.25,362.2,365,358.7,22.71M,-0.25
"Jun 27, 2019",362.15,358.1,363,357.25,29.66M,1.12
"Jun 26, 2019",358.15,355.75,359,354.3,15.84M,0.45
"Jun 25, 2019",356.55,352.7,357,351.25,15.92M,0.95
"Jun 24, 2019",353.2,350,354.75,349.65,17.92M,1.09
"Jun 21, 2019",349.4,344.8,350.7,343.15,24.75M,1.23
"Jun 20, 2019",345.15,341,346.25,335.6,20.63M,1.86
"Jun 19, 2019",338.85,343.1,345.2,335.5,16.42M,-0.35
"Jun 18, 2019",340.05,335.5,344,333.8,21.96M,0.65
"Jun 17, 2019",337.85,343.75,343.75,336.95,13.78M,-1.73
"Jun 14, 2019",343.8,345.5,346.35,342.55,10.35M,-0.78
"Jun 13, 2019",346.5,343,347.45,339.8,15.51M,0.73
"Jun 12, 2019",344,346.95,346.95,342.3,11.57M,-0.89
"Jun 11, 2019",347.1,345.05,348.3,342.85,16.28M,0.81
"Jun 10, 2019",344.3,346,347.3,340.15,20.50M,0.66
"Jun 07, 2019",342.05,337,342.75,336,29.74M,1.53
"Jun 06, 2019",336.9,349,349.6,335.9,41.94M,-4.4
"Jun 04, 2019",352.4,354,357.2,351.4,18.13M,-0.86
"Jun 03, 2019",355.45,352.35,356.45,349.65,18.38M,0.84
"May 31, 2019",352.5,354.35,357.9,344.65,32.59M,-0.3
"May 30, 2019",353.55,349.75,355,347.5,25.71M,1.41
"May 29, 2019",348.65,358,359,347.15,28.37M,-3.17
"May 28, 2019",360.05,360.95,361.7,356.65,23.50M,-0.46
"May 27, 2019",361.7,355.05,362.5,354,31.38M,1.79
"May 24, 2019",355.35,344.95,357,343.5,35.70M,3.84
"May 23, 2019",342.2,353,364,339.2,74.41M,0.32
"May 22, 2019",341.1,338.9,342.6,333.55,32.00M,1.05
"May 21, 2019",337.55,345.9,347.55,336.25,33.46M,-2.07
"May 20, 2019",344.7,332,345.8,331,53.21M,7.97
"May 17, 2019",319.25,315.65,321.95,313.45,25.84M,1.11
"May 16, 2019",315.75,312.5,317.1,309.55,18.15M,1.17
"May 15, 2019",312.1,316.2,317.9,311,27.93M,-0.81
"May 14, 2019",314.65,307.85,316.75,305.1,30.52M,2.53
"May 13, 2019",306.9,310,314.2,305.3,40.10M,-0.37
"May 10, 2019",308.05,301.8,310.75,292.45,60.74M,2.92
"May 09, 2019",299.3,297.6,301,296.1,12.65M,0.35
"May 08, 2019",298.25,303.95,305.3,296.75,22.10M,-2.36
"May 07, 2019",305.45,310.7,313.4,303.75,15.22M,-1.07
"May 06, 2019",308.75,306.8,310.3,305.9,10.64M,-0.4
"May 03, 2019",310,309,311.8,308.8,12.45M,0.6
"May 02, 2019",308.15,308.05,311.4,305.65,16.64M,-0.58
"Apr 30, 2019",309.95,312,312,305,18.18M,-0.82
"Apr 26, 2019",312.5,306.9,313.5,306.6,14.99M,2.06
"Apr 25, 2019",306.2,311,312,305.4,30.84M,-1.46
"Apr 24, 2019",310.75,305.85,311.95,303.6,15.23M,1.8
"Apr 23, 2019",305.25,310.05,313.75,304.6,17.32M,-1.55
"Apr 22, 2019",310.05,308.8,312.3,306.35,15.67M,-0.24
"Apr 18, 2019",310.8,315.8,315.8,308.05,15.69M,-1.57
"Apr 16, 2019",315.75,316.6,319.4,314.7,14.94M,0.05
"Apr 15, 2019",315.6,315.5,318.7,313.75,13.86M,0.11
"Apr 12, 2019",315.25,314.6,316.4,311.2,14.75M,0.11
"Apr 11, 2019",314.9,311,315.4,308.7,14.90M,1.29
"Apr 10, 2019",310.9,314.85,317.05,310,19.24M,-1.22
"Apr 09, 2019",314.75,313.95,315.7,308.1,25.56M,0.62
"Apr 08, 2019",312.8,318.25,319.25,311.1,17.39M,-1.34
"Apr 05, 2019",317.05,323.7,323.7,315,23.12M,-1.48
"Apr 04, 2019",321.8,321.5,325.75,318.3,27.83M,0.41
"Apr 03, 2019",320.5,331,332.45,319.5,30.55M,-2.58
"Apr 02, 2019",329,323.65,331,322.1,27.90M,1.94
"Apr 01, 2019",322.75,321.8,327.65,321.05,22.37M,0.62
"Mar 29, 2019",320.75,321.1,323,316.25,30.39M,0.55
"Mar 28, 2019",319,310.1,339.65,309.05,63.24M,3.3
"Mar 27, 2019",308.8,305.25,310.85,304.35,35.96M,1.75
"Mar 26, 2019",303.5,294.75,305,294.75,18.30M,3.23
"Mar 25, 2019",294,294,295.45,292.2,16.90M,-1.36
"Mar 22, 2019",298.05,304.3,306.4,296.95,17.87M,-1.89
"Mar 20, 2019",303.8,302.8,304.65,300.05,18.82M,0.25
"Mar 19, 2019",303.05,300.15,306.6,299.15,27.22M,1.37
"Mar 18, 2019",298.95,298.9,300.9,294.65,23.78M,0.18
"Mar 15, 2019",298.4,292.6,301.3,292.5,37.93M,2.23
"Mar 14, 2019",291.9,294.5,294.7,290.75,16.16M,-0.43
"Mar 13, 2019",293.15,288.1,294.4,284.7,23.73M,2.18
"Mar 12, 2019",286.9,289.2,289.9,285.75,20.83M,-0.16
"Mar 11, 2019",287.35,285.3,289,283.5,22.93M,2.19
"Mar 08, 2019",281.2,281.85,284.25,279.6,19.94M,-0.2
"Mar 07, 2019",281.75,279.45,282.5,277.65,14.90M,1.31
"Mar 06, 2019",278.1,277.3,282.55,276.45,22.16M,0.6
"Mar 05, 2019",276.45,271.7,277.85,271.2,21.53M,1.28
"Mar 01, 2019",272.95,270.55,274.6,270.1,20.02M,1.45
"Feb 28, 2019",269.05,267.7,270.8,267.65,31.64M,0.52
"Feb 27, 2019",267.65,268,272.7,266.55,20.57M,0.49
"Feb 26, 2019",266.35,266.8,268.2,263.25,15.27M,-1.41
"Feb 25, 2019",270.15,271.3,271.4,267.9,20.79M,-0.3
"Feb 22, 2019",270.95,267.9,271.9,267.6,12.54M,1.1
"Feb 21, 2019",268,270.3,271,267.3,13.76M,0.11
"Feb 20, 2019",267.7,264.5,268.3,264.3,15.51M,1.83
"Feb 19, 2019",262.9,260.9,267.5,260.3,19.06M,1.13
"Feb 18, 2019",259.95,264.4,265.5,258.8,14.78M,-1.14
"Feb 15, 2019",262.95,268.85,268.85,261.3,23.37M,-1.55
"Feb 14, 2019",267.1,268,268.35,263.65,26.37M,-0.41
"Feb 13, 2019",268.2,276.5,276.7,266.7,18.66M,-2.61
"Feb 12, 2019",275.4,280.65,282.2,274.65,15.33M,-1.82
"Feb 11, 2019",280.5,285.95,285.95,280,15.42M,-1.92
"Feb 08, 2019",286,285.6,288,282.2,19.78M,-0.49
"Feb 07, 2019",287.4,289.4,294,286.6,19.73M,-0.57
"Feb 06, 2019",289.05,285.85,289.75,283.5,12.15M,1.55
"Feb 05, 2019",284.65,284.2,287,283,13.29M,0.25
"Feb 04, 2019",283.95,282.4,285.2,277.85,20.64M,-0.16
"Feb 01, 2019",284.4,296.9,302.7,282,60.02M,-3.15
"Jan 31, 2019",293.65,290,294.8,288,25.55M,2.16
"Jan 30, 2019",287.45,281.2,289.4,280.25,18.91M,2.44
"Jan 29, 2019",280.6,281,286,276.55,17.44M,-0.36
"Jan 28, 2019",281.6,285.65,286.6,277.3,18.91M,-1.33
"Jan 25, 2019",285.4,289.6,291,283.2,11.12M,-0.92
"Jan 24, 2019",288.05,286.65,289.9,285.5,11.53M,0.49
"Jan 23, 2019",286.65,290.45,292.95,285.5,10.30M,-1.24
"Jan 22, 2019",290.25,293,293,288.2,11.30M,-0.75
"Jan 21, 2019",292.45,295.9,296.75,291.45,10.19M,-0.85
"Jan 18, 2019",294.95,298.75,299.85,294.25,9.08M,-0.82
"Jan 17, 2019",297.4,303.9,304.35,295.6,15.97M,-1.9
"Jan 16, 2019",303.15,303,306.65,302.1,12.11M,0.5
"Jan 15, 2019",301.65,302,303.6,301.1,9.44M,0.42
"Jan 14, 2019",300.4,301,303.6,299.55,10.37M,-0.78
"Jan 11, 2019",302.75,305.4,306.2,300.95,12.70M,-0.92
"Jan 10, 2019",305.55,305.1,307.5,303.5,16.30M,0.08
"Jan 09, 2019",305.3,306,307.1,300.75,21.11M,0
"Jan 08, 2019",305.3,295.8,306,294.75,22.95M,3.04
"Jan 07, 2019",296.3,301.05,301.5,295.2,14.58M,-0.45
"Jan 04, 2019",297.65,292.1,299,291.5,19.51M,2.25
"Jan 03, 2019",291.1,295,295.55,290.1,17.55M,-0.95
"Jan 02, 2019",293.9,299.1,302.5,293.1,25.56M,-1.9
"Jan 01, 2019",299.6,297.5,300.7,293.85,11.84M,1.25
"Dec 31, 2018",295.9,297.2,298.25,295.5,9.53M,0.37
"Dec 28, 2018",294.8,293.6,297.1,293.55,12.88M,0.91
"Dec 27, 2018",292.15,296.7,297.6,291.5,15.30M,-0.68
"Dec 26, 2018",294.15,292.85,295,287.15,12.68M,0.38
"Dec 24, 2018",293.05,293.5,295,290.15,12.05M,0.39
"Dec 21, 2018",291.9,293.65,296.5,290.8,15.78M,-0.73
"Dec 20, 2018",294.05,298.35,301.65,293.15,19.22M,-2.21
"Dec 19, 2018",300.7,294.7,302,294.7,26.12M,2.72
"Dec 18, 2018",292.75,287.85,294,287,13.61M,1.12
"Dec 17, 2018",289.5,289.3,291.45,287.3,12.73M,0.1
"Dec 14, 2018",289.2,288.5,290.8,287.05,12.16M,0.07
"Dec 13, 2018",289,290,294,285.75,24.10M,1.31
"Dec 12, 2018",285.25,283.75,285.85,282.2,21.77M,1.42
"Dec 11, 2018",281.25,268.35,283.25,268.35,30.93M,2.57
"Dec 10, 2018",274.2,271,276.4,270.15,11.95M,-0.44
"Dec 07, 2018",275.4,277,277.35,272.1,10.17M,-0.09
"Dec 06, 2018",275.65,278,279.25,275.1,11.08M,-1.61
"Dec 05, 2018",280.15,282.45,283.2,277.05,14.89M,-0.85
"Dec 04, 2018",282.55,287.95,287.95,281.9,11.90M,-1.48
"Dec 03, 2018",286.8,286.7,287.9,283.25,15.77M,0.76
"Nov 30, 2018",284.65,288.8,290.9,283.2,17.58M,-0.61
"Nov 29, 2018",286.4,289.3,289.65,284.25,27.92M,0.65
"Nov 28, 2018",284.55,289.4,292.45,283,19.84M,-1.68
"Nov 27, 2018",289.4,284.6,290.5,284.05,21.24M,1.05
"Nov 26, 2018",286.4,284.1,287.25,279.6,16.85M,1.31
"Nov 22, 2018",282.7,285.95,287.05,281.6,12.07M,-1.52
"Nov 21, 2018",287.05,283.45,289.55,283.05,16.17M,1.27
"Nov 20, 2018",283.45,285.9,288.55,282.5,12.90M,-1.63
"Nov 19, 2018",288.15,293.5,293.5,286.05,13.80M,-0.95
"Nov 16, 2018",290.9,285.9,291.8,282.6,24.81M,1.93
"Nov 15, 2018",285.4,283.85,287.05,281.15,18.45M,0.63
"Nov 14, 2018",283.6,280.4,287.7,278,52.67M,2
"Nov 13, 2018",278.05,276.3,279.7,273.35,25.63M,0.04
"Nov 12, 2018",277.95,283.7,283.7,276.85,24.04M,-1.87
"Nov 09, 2018",283.25,287,287.5,282.45,19.20M,-1.15
"Nov 07, 2018",286.55,288.9,288.9,285.95,3.31M,0.03
"Nov 06, 2018",286.45,296.1,298.3,283.9,40.69M,-2.88
"Nov 05, 2018",294.95,286.45,300,283.5,44.62M,3.36
"Nov 02, 2018",285.35,287.9,292.8,283.2,27.76M,-0.19
"Nov 01, 2018",285.9,283,289,278.85,29.14M,1.6
"Oct 31, 2018",281.4,275,282.75,268.6,28.14M,3.02
"Oct 30, 2018",273.15,267.5,279.1,266,33.40M,1.96
"Oct 29, 2018",267.9,250,269.25,248.4,37.77M,7.98
"Oct 26, 2018",248.1,252,252.5,247.4,20.54M,-0.58
"Oct 25, 2018",249.55,254.5,255,248.4,33.07M,-2.41
"Oct 24, 2018",255.7,260.25,261.8,252.8,25.64M,0.02
"Oct 23, 2018",255.65,258,259,255,20.21M,-1.81
"Oct 22, 2018",260.35,266,266,259.45,19.93M,-0.29
"Oct 19, 2018",261.1,259.7,264.2,258.1,28.47M,-0.02
"Oct 17, 2018",261.15,273.75,275,260,21.63M,-3.39
"Oct 16, 2018",270.3,264.6,270.85,263.35,33.60M,2.7
"Oct 15, 2018",263.2,264.4,265.7,261.1,21.97M,-0.21
"Oct 12, 2018",263.75,266,267.9,261.5,42.97M,0.61
"Oct 11, 2018",262.15,268,271.5,260.6,46.29M,-5.92
"Oct 10, 2018",278.65,261.6,280.45,261.2,31.77M,5.97
"Oct 09, 2018",262.95,268,268.15,260,16.01M,-1.05
"Oct 08, 2018",265.75,259.75,268.5,258.35,21.10M,2.86
"Oct 05, 2018",258.35,271,271,256,36.63M,-4.79
"Oct 04, 2018",271.35,267.95,272.7,265.7,17.75M,-0.13
"Oct 03, 2018",271.7,273.35,278.7,270.6,19.71M,-0.79
"Oct 01, 2018",273.85,265.5,275.2,264.1,17.71M,3.15
"Sep 28, 2018",265.5,266.4,273.5,262.5,33.80M,0.06
"Sep 27, 2018",265.35,264.5,268.6,263.75,24.83M,0.57
"Sep 26, 2018",263.85,274,274,262.75,23.95M,-2.6
"Sep 25, 2018",270.9,264,272.95,260.8,28.95M,2.48
"Sep 24, 2018",264.35,272.7,273,262.6,24.63M,-2.31
"Sep 21, 2018",270.6,274.2,279.45,253.4,39.31M,-0.33
"Sep 19, 2018",271.5,275.4,282.85,270.5,40.76M,-0.84
"Sep 18, 2018",273.8,285,286.9,272.4,33.90M,-4.03
"Sep 17, 2018",285.3,288.5,288.5,284.1,16.09M,-1.84
"Sep 14, 2018",290.65,290.1,291.8,288.7,15.15M,1.88
"Sep 12, 2018",285.3,284,286.7,280,22.72M,0.96
"Sep 11, 2018",282.6,287.35,291.45,281.65,28.36M,-0.79
"Sep 10, 2018",284.85,290.65,293.25,283.8,23.35M,-2.33
"Sep 07, 2018",291.65,295.9,295.9,289.45,23.72M,-1.62
"Sep 06, 2018",296.45,298,299.85,294.5,18.00M,-0.03
"Sep 05, 2018",296.55,296.5,298.85,290.4,22.92M,0.05
"Sep 04, 2018",296.4,306.8,307.45,295.45,42.86M,-3.25
"Sep 03, 2018",306.35,312.5,312.5,304.8,14.71M,-1.05
"Aug 31, 2018",309.6,307.9,310.65,304.55,18.10M,0.32
"Aug 30, 2018",308.6,309.3,310.5,306,19.94M,-0.36
"Aug 29, 2018",309.7,306.8,312,305.75,24.32M,1.42
"Aug 28, 2018",305.35,308.05,310.25,303.4,16.89M,-0.86
"Aug 27, 2018",308,304,310.35,303.3,28.11M,2.51
"Aug 24, 2018",300.45,300.6,305.7,299,18.87M,-0.66
"Aug 23, 2018",302.45,306.95,306.95,298.3,22.72M,-1.48
"Aug 21, 2018",307,308.3,308.85,303.35,14.14M,-0.21
"Aug 20, 2018",307.65,304.1,308.7,303.6,20.24M,1.84
"Aug 17, 2018",302.1,295,302.7,294.05,21.93M,3.21
"Aug 16, 2018",292.7,293.5,298.4,290.25,31.08M,-0.75
"Aug 14, 2018",294.9,296.7,298.95,293.35,25.29M,0.25
"Aug 13, 2018",294.15,296,302.8,291.1,58.13M,-3.38
"Aug 10, 2018",304.45,317.65,326.4,300.5,111.51M,-4.08
"Aug 09, 2018",317.4,312.95,319.85,310.15,46.46M,2.82
"Aug 08, 2018",308.7,304.05,310.9,303.05,20.50M,1.53
"Aug 07, 2018",304.05,309.85,311.7,303.05,23.93M,-1.44
"Aug 06, 2018",308.5,300.6,311.35,300.6,31.58M,3.09
"Aug 03, 2018",299.25,294.6,299.95,294.5,18.25M,1.82
"Aug 02, 2018",293.9,293,296.4,290.55,15.67M,-0.41
"Aug 01, 2018",295.1,294.5,298,288.35,33.89M,0.55
"Jul 31, 2018",293.5,297,302.4,291.8,36.51M,-1.31
"Jul 30, 2018",297.4,289.2,299.55,289.2,40.95M,3.71
"Jul 27, 2018",286.75,289.5,297,285.1,32.18M,-0.33
"Jul 26, 2018",287.7,275.1,289.4,274.2,53.50M,5.83
"Jul 25, 2018",271.85,268,272.85,265.65,13.10M,1.87
"Jul 24, 2018",266.85,267.2,269.2,265.55,9.32M,0.19
"Jul 23, 2018",266.35,262,267.5,260.6,17.01M,1.85
"Jul 20, 2018",261.5,259.9,263,258.55,6.12M,0.5
"Jul 19, 2018",260.2,259.4,263.5,256.2,9.96M,0.25
"Jul 18, 2018",259.55,260.1,262.5,256.15,17.64M,0.19
"Jul 17, 2018",259.05,250.7,259.85,250.45,16.07M,2.96
"Jul 16, 2018",251.6,257,257.5,251,8.97M,-2.39
"Jul 13, 2018",257.75,262.1,262.4,256.8,11.98M,-1.9
"Jul 12, 2018",262.75,261.4,264.5,261.15,10.64M,1.41
"Jul 11, 2018",259.1,262.65,262.65,257.9,12.86M,-1.76
"Jul 10, 2018",263.75,263.85,265.75,262.4,11.49M,0.84
"Jul 09, 2018",261.55,258.2,262.4,257.95,13.22M,1.69
"Jul 06, 2018",257.2,256.1,260.8,255.55,16.17M,0.29
"Jul 05, 2018",256.45,257.9,258.7,255.15,11.22M,-0.39
"Jul 04, 2018",257.45,255.75,258.35,254.5,14.21M,-0.02
"Jul 03, 2018",257.5,259.6,260.9,256.4,16.10M,-0.52
"Jul 02, 2018",258.85,258.95,261.75,254,21.90M,-0.19
"Jun 29, 2018",259.35,258.25,263.45,258.2,16.24M,0.91
"Jun 28, 2018",257,260.4,262,255.7,21.35M,-1.8
"Jun 27, 2018",261.7,267.35,267.35,261,16.28M,-2.13
"Jun 26, 2018",267.4,267.25,271.2,265.4,16.87M,-0.39
"Jun 25, 2018",268.45,271.85,273.15,267.2,10.93M,-1.68
"Jun 22, 2018",273.05,269,273.7,265.75,20.78M,1.64
"Jun 21, 2018",268.65,274.75,274.75,268.1,12.95M,-1.7
"Jun 20, 2018",273.3,273.2,274.75,271.1,14.00M,0.26
"Jun 19, 2018",272.6,276,276.7,269.75,20.73M,-1.54
"Jun 18, 2018",276.85,278,279.75,275.45,13.54M,-0.22
"Jun 15, 2018",277.45,282.75,283.45,276.6,16.95M,-1.82
"Jun 14, 2018",282.6,286.55,286.55,281.3,18.51M,-1.77
"Jun 13, 2018",287.7,284,289.65,283.65,26.75M,1.71
"Jun 12, 2018",282.85,274,284.4,274,31.36M,3.23
"Jun 11, 2018",274,273.3,278.4,273.15,18.22M,0.37
"Jun 08, 2018",273,268.95,273.9,267,14.10M,1.24
"Jun 07, 2018",269.65,271.05,272.9,268.4,18.77M,-0.19
"Jun 06, 2018",270.15,263,271.4,262.2,18.32M,2.5
"Jun 05, 2018",263.55,260.9,265.25,260.9,14.10M,0.21
"Jun 04, 2018",263,268,268.35,261.3,12.93M,-1.39
"Jun 01, 2018",266.7,269.25,269.8,264.6,16.57M,-1.06
"May 31, 2018",269.55,266.85,274.8,263.15,31.94M,0.9
"May 30, 2018",267.15,260.5,268,259.95,19.32M,1.08
"May 29, 2018",264.3,270.5,270.95,262.8,16.11M,-2.85
"May 28, 2018",272.05,267.4,274.2,266.05,18.96M,1.91
"May 25, 2018",266.95,267.8,268.4,262.55,22.32M,-0.58
"May 24, 2018",268.5,263.85,269.7,260.65,34.68M,2.01
"May 23, 2018",263.2,254.65,269.75,254.3,71.20M,3.66
"May 22, 2018",253.9,243.65,259.7,241,68.71M,3.87
"May 21, 2018",244.45,243.55,245.75,240.3,18.78M,2.34
"May 18, 2018",238.85,243,244,237.85,11.87M,-1.59
"May 17, 2018",242.7,244.2,246,241.15,11.72M,-0.16
"May 16, 2018",243.1,245.5,248.7,240.6,17.22M,-1.98
"May 15, 2018",248,253,257.45,245.9,18.03M,-2.21
"May 14, 2018",253.6,249.95,255.8,248.15,18.67M,1.3
"May 11, 2018",250.35,247.6,251.6,246.05,11.96M,0.97
"May 10, 2018",247.95,248.25,250.2,246.3,13.16M,-0.02
"May 09, 2018",248,249.8,249.8,246.3,11.43M,-0.82
"May 08, 2018",250.05,248,252.6,244.6,23.29M,1.44
"May 07, 2018",246.5,242.45,248.2,242.05,15.12M,1.88
"May 04, 2018",241.95,243.5,243.9,240.35,12.78M,0.02
"May 03, 2018",241.9,240.95,243.4,238.75,12.94M,0.37
"May 02, 2018",241,245.9,246.3,239.75,12.89M,-2.19
"Apr 30, 2018",246.4,244.8,249.7,244.5,17.26M,1.57
"Apr 27, 2018",242.6,233.25,245.8,233.25,31.40M,4.03
"Apr 26, 2018",233.2,238.4,238.8,232.5,24.50M,-1.69
"Apr 25, 2018",237.2,239.7,240.75,236.75,13.12M,-1.41
"Apr 24, 2018",240.6,242,243.4,239.6,9.49M,-0.76
"Apr 23, 2018",242.45,241.9,244.85,239.3,12.11M,0.52
"Apr 20, 2018",241.2,245.85,245.85,239.5,15.55M,-2.01
"Apr 19, 2018",246.15,247.1,248.45,245.2,13.17M,-0.12
"Apr 18, 2018",246.45,249.5,249.9,245.3,16.14M,-0.69
"Apr 17, 2018",248.15,251.4,252.5,246.6,15.92M,-0.34
"Apr 16, 2018",249,249.35,251.3,247.1,16.41M,-0.78
"Apr 13, 2018",250.95,254,255.95,249.7,25.65M,-1.12
"Apr 12, 2018",253.8,257.5,257.5,252.25,18.66M,-1.26
"Apr 11, 2018",257.05,263,263,256.3,14.89M,-2.37
"Apr 10, 2018",263.3,261.1,265,258.5,21.20M,1.02
"Apr 09, 2018",260.65,260.65,262.75,257.6,20.21M,0.37
"Apr 06, 2018",259.7,259.65,261.45,254.85,24.87M,0.15
"Apr 05, 2018",259.3,252.6,261.9,250,22.88M,4.85
"Apr 04, 2018",247.3,251.7,253,245.5,18.82M,-1.28
"Apr 03, 2018",250.5,249.55,252.8,248.25,19.88M,1.77
"Apr 02, 2018",246.15,251.8,252,244.9,14.99M,-1.5
"Mar 28, 2018",249.9,252,256.2,248.7,36.67M,-1.75
"Mar 27, 2018",254.35,250,255.5,248,31.21M,3.18
"Mar 26, 2018",246.5,234.75,247.85,234.25,30.37M,4.98
"Mar 23, 2018",234.8,237.8,239.65,232.35,27.15M,-2.79
"Mar 22, 2018",241.55,247,247.35,240.65,26.83M,-2.6
"Mar 21, 2018",248,251.75,254.3,247.1,19.53M,-0.44
"Mar 20, 2018",249.1,246.85,252.25,245.35,20.56M,0.46
"Mar 19, 2018",247.95,252.9,253.6,246.1,18.17M,-1.72
"Mar 16, 2018",252.3,250.65,255.7,250.1,25.73M,-0.55
"Mar 15, 2018",253.7,257,258.8,252.55,18.34M,-1.3
"Mar 14, 2018",257.05,252.5,257.85,250,25.47M,0.92
"Mar 13, 2018",254.7,251.3,262.4,249.6,37.65M,0.73
"Mar 12, 2018",252.85,254.1,255.25,247.25,25.33M,-0.16
"Mar 09, 2018",253.25,257,257.4,251.65,21.54M,-1.38
"Mar 08, 2018",256.8,247,257.95,244.3,33.13M,4.12
"Mar 07, 2018",246.65,255.05,255.35,246.05,31.26M,-3.86
"Mar 06, 2018",256.55,265.85,266,255,20.78M,-2.64
"Mar 05, 2018",263.5,260.45,265,258.75,18.48M,0.51
"Mar 01, 2018",262.15,266.3,270,261.25,22.86M,-2.18
"Feb 28, 2018",268,264.25,269.7,260.8,26.81M,0.15
"Feb 27, 2018",267.6,273,275.9,265.95,20.82M,-2.5
"Feb 26, 2018",274.45,280,280,273.85,15.31M,-0.58
"Feb 23, 2018",276.05,273.45,277.2,272.5,15.48M,1.27
"Feb 22, 2018",272.6,270.4,273.6,269.45,25.58M,-0.26
"Feb 21, 2018",273.3,272.2,274.1,267.4,23.71M,1.35
"Feb 20, 2018",269.65,269,274.2,264.8,33.46M,0.43
"Feb 19, 2018",268.5,271.5,272,256.65,43.85M,-1.16
"Feb 16, 2018",271.65,280.5,281.2,270.05,30.34M,-2.53
"Feb 15, 2018",278.7,274.8,282.3,274.25,26.06M,0.91
"Feb 14, 2018",276.2,288.7,288.7,275,45.64M,-4.35
"Feb 12, 2018",288.75,288.25,292.4,285.15,50.84M,-2.58
"Feb 09, 2018",296.4,297,300.6,295,15.75M,-1.66
"Feb 08, 2018",301.4,292.9,303.3,292.55,18.93M,2.94
"Feb 07, 2018",292.8,296.6,297.9,290,21.46M,0.36
"Feb 06, 2018",291.75,285,297.3,282.9,30.58M,-2.11
"Feb 05, 2018",298.05,292.65,300.4,290,18.94M,0.24
"Feb 02, 2018",297.35,302.9,305.75,295.5,23.27M,-2.84
"Feb 01, 2018",306.05,316.9,317.4,305,19.52M,-2.3
"Jan 31, 2018",313.25,313,316.6,307.85,16.41M,-0.1
"Jan 30, 2018",313.55,312.05,318.85,311,25.81M,0.46
"Jan 29, 2018",312.1,313.15,316.9,311,23.60M,-0.34
"Jan 25, 2018",313.15,332.75,332.75,311.85,42.47M,-5.08
"Jan 24, 2018",329.9,317.7,331.6,316.2,38.07M,3.71
"Jan 23, 2018",318.1,306.4,320.55,306.35,35.25M,3.78
"Jan 22, 2018",306.5,308.35,308.75,304.05,12.62M,-0.89
"Jan 19, 2018",309.25,303.95,310,302.5,18.46M,1.98
"Jan 18, 2018",303.25,315,317.8,300.5,40.00M,-1.25
"Jan 17, 2018",307.1,296,308.4,292.6,26.28M,3.7
"Jan 16, 2018",296.15,302.4,303.35,295.3,18.04M,-2.13
"Jan 15, 2018",302.6,303.95,305.25,301.55,18.19M,0.12
"Jan 12, 2018",302.25,304.65,304.65,300.55,17.59M,0.02
"Jan 11, 2018",302.2,300.9,303,300,12.30M,0.37
"Jan 10, 2018",301.1,304.65,305.85,300,13.06M,-1.05
"Jan 09, 2018",304.3,307.5,309.5,303.3,15.57M,-0.49
"Jan 08, 2018",305.8,307.2,309.5,305,13.56M,-0.18
"Jan 05, 2018",306.35,311.4,311.4,305.6,14.58M,-0.7
"Jan 04, 2018",308.5,304.5,310.2,303.15,24.52M,1.87
"Jan 03, 2018",302.85,305.3,306.45,302.15,13.86M,-0.13
"Jan 02, 2018",303.25,309,309,301.35,14.80M,-1.25
"Jan 01, 2018",307.1,310.6,312.75,306.3,12.18M,-0.9
"Dec 29, 2017",309.9,310,312,309.05,11.94M,0.49
"Dec 28, 2017",308.4,315.3,316.5,307.65,20.35M,-2.05
"Dec 27, 2017",314.85,316.5,320.3,313.05,14.28M,-0.73
"Dec 26, 2017",317.15,318.6,319.95,316.3,9.33M,-0.84
"Dec 22, 2017",319.85,317.1,323.85,316.5,13.82M,0.98
"Dec 21, 2017",316.75,316.6,318.2,315.4,9.92M,-0.24
"Dec 20, 2017",317.5,319,319,316.5,9.90M,-0.72
"Dec 19, 2017",319.8,319.45,322.25,318.4,14.74M,0.28
"Dec 18, 2017",318.9,308,323.5,300.4,32.12M,2.13
"Dec 15, 2017",312.25,318.4,319.35,311.5,16.05M,-0.56
"Dec 14, 2017",314,314.3,315.4,309.5,13.89M,0.22
"Dec 13, 2017",313.3,316.15,318.95,311.15,17.54M,-1.62
"Dec 12, 2017",318.45,317.75,320.5,314.65,17.66M,0.02
"Dec 11, 2017",318.4,315.95,319.3,315.1,14.01M,1.69
"Dec 08, 2017",313.1,316.6,318.85,312.1,16.42M,-1.04
"Dec 07, 2017",316.4,312.5,317.75,312.45,12.28M,1.28
"Dec 06, 2017",312.4,316.7,317.4,311.5,18.66M,-2.1
"Dec 05, 2017",319.1,312.5,320.7,308.8,15.13M,1.75
"Dec 04, 2017",313.6,314.7,315.95,311.15,13.89M,0.27
"Dec 01, 2017",312.75,321.5,322.3,311.25,16.43M,-2.37
"Nov 30, 2017",320.35,325.8,326.5,318.5,27.28M,-2.6
"Nov 29, 2017",328.9,332.35,334.85,327.2,11.26M,-0.93
"Nov 28, 2017",332,336,336.7,331.2,16.06M,-1.09
"Nov 27, 2017",335.65,329.9,337,328.05,13.11M,0.98
"Nov 24, 2017",332.4,336,337,331.5,11.72M,-0.76
"Nov 23, 2017",334.95,335.5,336.65,331.65,13.34M,-0.1
"Nov 22, 2017",335.3,330.85,339.65,327,22.86M,1.41
"Nov 21, 2017",330.65,335,335.4,330,14.19M,-0.71
"Nov 20, 2017",333,337.1,337.15,331.25,13.51M,-1.33
"Nov 17, 2017",337.5,345,346.7,336,26.52M,1.23
"Nov 16, 2017",333.4,327.4,334.2,323.65,22.51M,2.6
"Nov 15, 2017",324.95,328,331.15,322.25,17.39M,-1.26
"Nov 14, 2017",329.1,330.35,334.7,327.5,25.65M,-0.59
"Nov 13, 2017",331.05,336.75,344.8,329.75,38.78M,-0.75
"Nov 10, 2017",333.55,315,338.5,309.5,82.99M,6.33
"Nov 09, 2017",313.7,313.15,318,308.2,21.85M,1.34
"Nov 08, 2017",309.55,318,319.3,306.65,20.24M,-2.41
"Nov 07, 2017",317.2,328.95,331.7,315.5,21.88M,-3.59
"Nov 06, 2017",329,323.6,330,321.45,17.14M,1.23
"Nov 03, 2017",325,315.45,327.5,312.6,26.90M,3.39
"Nov 02, 2017",314.35,320,323.15,313.55,23.11M,-1.72
"Nov 01, 2017",319.85,309.4,321.45,309.4,34.91M,4.59
"Oct 31, 2017",305.8,313,313.85,304.3,16.46M,-1.99
"Oct 30, 2017",312,312,322.35,310.6,28.53M,0.31
"Oct 27, 2017",311.05,320.25,323.6,310.1,27.58M,-2.95
"Oct 26, 2017",320.5,330,351.3,317.5,112.80M,-1.35
"Oct 25, 2017",324.9,279.85,328.05,279.85,262.68M,27.69
"Oct 24, 2017",254.45,246,255.3,245.95,17.20M,3.46
"Oct 23, 2017",245.95,244,247,242.3,8.90M,1.32
"Oct 19, 2017",242.75,243.8,245.25,241.15,3.46M,-0.41
"Oct 18, 2017",243.75,246,247.8,242.55,20.68M,-2.95
"Oct 17, 2017",251.15,252.05,254.7,250.65,13.51M,-0.36
"Oct 16, 2017",252.05,254.6,254.7,250.1,12.17M,-0.02
"Oct 13, 2017",252.1,251.1,255.35,250.2,15.70M,0.36
"Oct 12, 2017",251.2,252,252.95,248.5,13.40M,-0.22
"Oct 11, 2017",251.75,257.15,258.45,250.45,14.19M,-2.02
"Oct 10, 2017",256.95,256.85,258.2,255.7,9.74M,0.04
"Oct 09, 2017",256.85,256.8,258.6,254.25,8.01M,0.04
"Oct 06, 2017",256.75,252.15,257.9,252.1,11.93M,2.05
"Oct 05, 2017",251.6,253.7,254.1,249.2,13.48M,-0.63
"Oct 04, 2017",253.2,251.65,254.65,251.35,14.06M,0.76
"Oct 03, 2017",251.3,256.4,256.4,250.6,10.55M,-1
"Sep 29, 2017",253.85,254.7,255.5,253.05,10.07M,0.51
"Sep 28, 2017",252.55,250.25,253.55,249.5,17.78M,0.86
"Sep 27, 2017",250.4,259.9,259.9,249.5,17.08M,-3.04
"Sep 26, 2017",258.25,258.5,259.65,256,11.73M,-0.19
"Sep 25, 2017",258.75,261.5,261.8,254.4,13.94M,-1.18
"Sep 22, 2017",261.85,267.25,267.4,261.1,12.86M,-2.48
"Sep 21, 2017",268.5,269.75,271.4,267.35,8.51M,-0.57
"Sep 20, 2017",270.05,268.15,272.05,267.45,12.36M,0.84
"Sep 19, 2017",267.8,270.45,270.8,266.45,14.33M,-0.96
"Sep 18, 2017",270.4,273,274,269.45,17.54M,-0.41
"Sep 15, 2017",271.5,270.75,274.5,269.9,18.40M,-0.98
"Sep 14, 2017",274.2,273.4,275.6,272.3,8.02M,0.29
"Sep 13, 2017",273.4,274.95,276.6,272.5,10.15M,-0.02
"Sep 12, 2017",273.45,272,275.65,270.5,8.38M,0.92
"Sep 11, 2017",270.95,272.6,273.5,269.55,14.49M,-0.31
"Sep 08, 2017",271.8,274.9,275.4,271.1,7.08M,-0.88
"Sep 07, 2017",274.2,275.4,276.9,273.1,16.10M,-0.02
"Sep 06, 2017",274.25,275.95,276.65,273.65,7.31M,-0.83
"Sep 05, 2017",276.55,278.1,279.5,275.95,9.57M,-0.43
"Sep 04, 2017",277.75,278.95,279.6,276.4,7.17M,-0.04
"Sep 01, 2017",277.85,277.65,280.4,276.6,8.26M,0.04
"Aug 31, 2017",277.75,276.85,279.5,274.2,14.22M,0.42
"Aug 30, 2017",276.6,278,279.25,276,7.65M,-0.14
"Aug 29, 2017",277,278.45,280.85,276.05,10.34M,-0.84
"Aug 28, 2017",279.35,282.1,282.1,279,10.51M,-0.34
"Aug 24, 2017",280.3,279.7,281.45,277.5,14.14M,0.47
"Aug 23, 2017",279,274.75,279.7,274.2,11.32M,1.86
"Aug 22, 2017",273.9,276,277,271.2,11.81M,-0.27
"Aug 21, 2017",274.65,279,280.65,273.35,9.25M,-1.45
"Aug 18, 2017",278.7,278,279.65,276,12.65M,-0.77
"Aug 17, 2017",280.85,283.8,284.7,280,12.13M,-0.79
"Aug 16, 2017",283.1,279.05,283.9,274.2,21.07M,1.76
"Aug 14, 2017",278.2,281.45,282.4,276.5,23.77M,-0.7
"Aug 11, 2017",280.15,294.5,303,277.45,67.65M,-5.58
"Aug 10, 2017",296.7,301.2,302.4,292,14.52M,-1.85
"Aug 09, 2017",302.3,302.75,307.45,300.1,15.85M,-0.44
"Aug 08, 2017",303.65,311,311.8,301.2,13.58M,-2.43
"Aug 07, 2017",311.2,305.8,311.8,305.15,11.42M,1.95
"Aug 04, 2017",305.25,300.3,306.3,297.6,9.62M,1.56
"Aug 03, 2017",300.55,307,307.4,299.1,14.46M,-2.32
"Aug 02, 2017",307.7,310,311.8,305.3,17.01M,-0.42
"Aug 01, 2017",309,314,314.8,307.95,14.89M,-1.12
"Jul 31, 2017",312.5,299.4,313.85,298,41.55M,4.48
"Jul 28, 2017",299.1,297,300.75,295.6,15.77M,0.25
"Jul 27, 2017",298.35,297,299.85,296.2,22.29M,0.86
"Jul 26, 2017",295.8,296.25,299.65,295.25,12.53M,-0.1
"Jul 25, 2017",296.1,296,297.3,294.65,10.85M,0.53
"Jul 24, 2017",294.55,290.8,296.3,290.7,11.20M,1.34
"Jul 21, 2017",290.65,291.05,292.2,288.25,7.27M,-0.1
"Jul 20, 2017",290.95,293,294.25,290.05,6.26M,-0.8
"Jul 19, 2017",293.3,291.5,294,291.4,9.01M,0.79
"Jul 18, 2017",291,291.85,296.4,290,11.91M,-0.68
"Jul 17, 2017",293,292.8,294.1,289.65,10.55M,0.48
"Jul 14, 2017",291.6,288.8,293.6,287.25,13.75M,0.99
"Jul 13, 2017",288.75,288.9,290,286.55,8.43M,0.38
"Jul 12, 2017",287.65,284.7,288.4,283.2,7.52M,1.45
"Jul 11, 2017",283.55,287.5,289.7,283,12.40M,-0.7
"Jul 10, 2017",285.55,300,300,280.85,2.17M,1.95
"Jul 07, 2017",280.1,280.6,282.4,279.2,5.91M,-0.32
"Jul 06, 2017",281,275.05,282.7,274.6,16.12M,2.22
"Jul 05, 2017",274.9,273.9,275.6,272.35,10.05M,0.7
"Jul 04, 2017",273,275,276.45,272.05,7.86M,-0.67
"Jul 03, 2017",274.85,274.1,275.5,272.55,8.95M,0.44
"Jun 30, 2017",273.65,272,274.75,269.7,12.24M,0.44
"Jun 29, 2017",272.45,277.15,279.3,271.65,30.46M,-1.43
"Jun 28, 2017",276.4,277.6,278.45,273.75,17.24M,-1.16
"Jun 27, 2017",279.65,289.25,289.45,276.8,25.52M,-3.22
"Jun 23, 2017",288.95,294.75,295.55,287.8,20.65M,-1.88
"Jun 22, 2017",294.5,291.25,295.9,291.05,26.11M,1.24
"Jun 21, 2017",290.9,288.25,292.45,288.25,10.54M,0.28
"Jun 20, 2017",290.1,287.6,291,285.6,14.93M,0.43
"Jun 19, 2017",288.85,286.6,289.85,285.3,14.85M,1.01
"Jun 16, 2017",285.95,284.7,286.65,283.25,19.25M,0.69
"Jun 15, 2017",284,283.85,285.8,281.35,11.93M,-0.07
"Jun 14, 2017",284.2,285.9,286.3,282.6,11.57M,0.12
"Jun 13, 2017",283.85,285.4,287,283,9.17M,-0.39
"Jun 12, 2017",284.95,286.75,287,284.3,10.33M,-1.25
"Jun 09, 2017",288.55,288.3,289.4,285.8,10.80M,-0.02
"Jun 08, 2017",288.6,292,292,287.75,8.37M,-0.67
"Jun 07, 2017",290.55,288.2,291.5,287.2,10.86M,1.13
"Jun 06, 2017",287.3,292,292.95,286.6,12.35M,0.02
"Jun 05, 2017",287.25,288.05,289.75,286.75,7.92M,0.07
"Jun 02, 2017",287.05,289.9,290.5,286.35,12.00M,-0.14
"Jun 01, 2017",287.45,287.95,291.4,284.6,12.19M,-0.29
"May 31, 2017",288.3,289,291.5,287.2,10.70M,-0.19
"May 30, 2017",288.85,283.4,289.75,281.05,9.64M,1.71
"May 29, 2017",284,288.9,290.85,283.3,10.62M,-1.54
"May 26, 2017",288.45,290.5,291,285.3,12.30M,-0.57
"May 25, 2017",290.1,284.15,291.35,283.55,15.02M,2.45
"May 24, 2017",283.15,290.05,290.45,281.65,16.44M,-1.97
"May 23, 2017",288.85,295,295.9,287.25,19.85M,-1.85
"May 22, 2017",294.3,308.95,309.4,293.2,35.77M,-4.45
"May 19, 2017",308,304.45,315.3,302,55.25M,1.67
"May 18, 2017",302.95,304.85,307.9,302,15.47M,-1.53
"May 17, 2017",307.65,308,308.8,305.5,14.12M,0.05
"May 16, 2017",307.5,302,308.4,299.35,17.53M,2.02
"May 15, 2017",301.4,298.4,302,297.5,10.38M,1.17
"May 12, 2017",297.9,300,302.6,296,13.38M,-0.07
"May 11, 2017",298.1,295.9,299.4,294.45,11.93M,1.24
"May 10, 2017",294.45,297,298.15,293,8.70M,-0.69
"May 09, 2017",296.5,300.9,300.9,295.25,7.84M,-0.97
"May 08, 2017",299.4,296.1,300.75,293.9,11.56M,1.15
"May 05, 2017",296,301,304.9,292.15,34.76M,-1.02
"May 04, 2017",299.05,294,300,293.1,24.53M,3.19
"May 03, 2017",289.8,289.4,293.2,285.8,13.95M,0.52
"May 02, 2017",288.3,290.25,292.5,287.1,9.75M,-0.5
"Apr 28, 2017",289.75,283,290.75,282.5,14.15M,2.73
"Apr 27, 2017",282.05,286.45,287.95,281.05,22.62M,-1.54
"Apr 26, 2017",286.45,287.1,289.5,283.35,13.84M,0.14
"Apr 25, 2017",286.05,287.5,288.8,285,11.53M,0
"Apr 24, 2017",286.05,283.25,287.85,280.9,10.08M,1.36
"Apr 21, 2017",282.2,287,287,279.25,12.04M,-0.91
"Apr 20, 2017",284.8,283.9,286.9,282.2,14.51M,0.26
"Apr 19, 2017",284.05,291.55,291.75,282.9,18.15M,-2.15
"Apr 18, 2017",290.3,291.05,296.9,288.4,13.46M,0.14
"Apr 17, 2017",289.9,291.1,292.75,288.5,8.15M,-0.57
"Apr 13, 2017",291.55,290.25,293.1,290,9.94M,0.48
"Apr 12, 2017",290.15,294,295.45,289.1,13.25M,-1.48
"Apr 11, 2017",294.5,289.3,295.15,288.8,11.68M,1.78
"Apr 10, 2017",289.35,289.8,290.35,286.55,10.31M,-0.03
"Apr 07, 2017",289.45,291.7,294.8,287.65,10.77M,-1.16
"Apr 06, 2017",292.85,295.45,297.55,291.45,18.41M,-1.51
"Apr 05, 2017",297.35,293.3,298.75,289.65,21.94M,1.43
"Apr 03, 2017",293.15,294.8,295.7,292.2,10.51M,-0.09
"Mar 31, 2017",293.4,292,295,288.5,20.19M,0.81
"Mar 30, 2017",291.05,289,293.75,288.85,19.68M,0.9
"Mar 29, 2017",288.45,283.15,289.9,283.15,31.01M,2.25
"Mar 28, 2017",282.1,280.65,282.9,278.5,18.67M,0.95
"Mar 27, 2017",279.45,276,280.8,275.2,15.97M,1.07
"Mar 24, 2017",276.5,269.5,278.95,268.65,20.13M,2.98
"Mar 23, 2017",268.5,269,269.4,266.7,8.00M,0.37
"Mar 22, 2017",267.5,270.3,271,266.8,9.89M,-1.78
"Mar 21, 2017",272.35,274.4,277.05,270.15,11.90M,-0.57
"Mar 20, 2017",273.9,274.75,274.75,271.8,9.68M,-0.09
"Mar 17, 2017",274.15,279.45,279.5,273.5,14.27M,-1.84
"Mar 16, 2017",279.3,278,280.2,276.05,18.01M,0.7
"Mar 15, 2017",277.35,272.65,280.5,272.65,20.06M,0.98
"Mar 14, 2017",274.65,278.4,278.4,273.8,15.73M,0.96
"Mar 10, 2017",272.05,274.5,275.55,269.5,9.56M,-0.44
"Mar 09, 2017",273.25,269,273.9,268.4,15.59M,1.24
"Mar 08, 2017",269.9,267.8,270.3,266,9.12M,0.78
"Mar 07, 2017",267.8,270.8,270.9,266.4,11.60M,-0.76
"Mar 06, 2017",269.85,266.6,270.35,266.35,9.52M,1.81
"Mar 03, 2017",265.05,266.25,268.9,264.25,10.12M,-0.84
"Mar 02, 2017",267.3,273,274.7,266.5,14.22M,-1.64
"Mar 01, 2017",271.75,270,273.3,269.8,7.66M,0.95
"Feb 28, 2017",269.2,268.9,271.25,268,7.94M,0.35
"Feb 27, 2017",268.25,270.8,271.45,267.6,9.65M,-0.81
"Feb 23, 2017",270.45,271.7,273,269.6,13.15M,-0.68
"Feb 22, 2017",272.3,271.9,274.7,269.5,12.62M,0.59
"Feb 21, 2017",270.7,270,271.5,268.65,7.75M,0.39
"Feb 20, 2017",269.65,269.9,271.55,268,9.23M,0.11
"Feb 17, 2017",269.35,271.15,273.65,267.7,17.83M,-0.43
"Feb 16, 2017",270.5,277,277,269.65,21.79M,0.58
"Feb 15, 2017",268.95,270.95,272.5,267.05,12.20M,-0.46
"Feb 14, 2017",270.2,272,273,268.1,13.31M,-0.53
"Feb 13, 2017",271.65,277.8,278.25,270.2,19.85M,-1.7
"Feb 10, 2017",276.35,278.75,282.8,275,37.58M,0.18
"Feb 09, 2017",275.85,278.8,280.3,270.85,16.08M,-0.49
"Feb 08, 2017",277.2,278.1,279.25,272.6,13.62M,-0.25
"Feb 07, 2017",277.9,277.85,280,276.3,10.98M,0.31
"Feb 06, 2017",277.05,280,282.5,276,14.73M,-0.18
"Feb 03, 2017",277.55,273,278.55,272,15.37M,1.56
"Feb 02, 2017",273.3,271.85,275,268.7,20.14M,0.96
"Feb 01, 2017",270.7,262,271.9,261.6,27.25M,3.98
"Jan 31, 2017",260.35,261.15,263.85,259.65,8.90M,-1.36
"Jan 30, 2017",263.95,265.85,267.9,263.4,11.88M,-0.94
"Jan 27, 2017",266.45,260.3,268.2,259.5,18.04M,2.8
"Jan 25, 2017",259.2,255.55,261,254.2,16.34M,1.69
"Jan 24, 2017",254.9,255.1,257,254,13.54M,0.3
"Jan 23, 2017",254.15,251,255.2,250.1,9.34M,1.23
"Jan 20, 2017",251.05,258.5,260.5,250.3,15.34M,-2.84
"Jan 19, 2017",258.4,257.2,262,256.5,13.03M,0.02
"Jan 18, 2017",258.35,257.1,259.3,256.6,8.05M,0.92
"Jan 17, 2017",256,257.45,258.65,254.4,9.48M,0.1
"Jan 16, 2017",255.75,251.05,256.4,250.7,13.23M,1.93
"Jan 13, 2017",250.9,252,252.6,249.1,9.33M,-0.14
"Jan 12, 2017",251.25,252.9,254.45,250.55,11.28M,-0.36
"Jan 11, 2017",252.15,249.65,253.2,249,13.42M,1.55
"Jan 10, 2017",248.3,247.7,249,246.4,9.35M,0.51
"Jan 09, 2017",247.05,246.4,248.35,246,8.33M,0.47
"Jan 06, 2017",245.9,246,249,245.5,12.35M,0.22
"Jan 05, 2017",245.35,245,245.9,243.7,11.97M,1.01
"Jan 04, 2017",242.9,245.8,246.4,242.2,11.23M,-0.82
"Jan 03, 2017",244.9,244,246.4,241.1,15.96M,0.53
"Jan 02, 2017",243.6,252.5,253.65,242.6,25.99M,-2.64
"Dec 30, 2016",250.2,247.75,252.3,247.25,10.54M,1.03
"Dec 29, 2016",247.65,247.65,248.85,245.5,10.66M,-0.04
"Dec 28, 2016",247.75,249.25,252.5,247.15,11.75M,-0.4
"Dec 27, 2016",248.75,244.6,249.95,243.1,8.76M,1.86
"Dec 26, 2016",244.2,248,248.3,243.6,8.59M,-1.99
"Dec 23, 2016",249.15,249.75,251.8,247.8,10.56M,-0.26
"Dec 22, 2016",249.8,254.25,254.25,248.35,12.98M,-2.17
"Dec 21, 2016",255.35,256.1,258,254.1,8.78M,0.31
"Dec 20, 2016",254.55,261.85,262.9,253.25,12.77M,-2.6
"Dec 19, 2016",261.35,263.35,264.5,260.85,8.37M,-1.28
"Dec 16, 2016",264.75,266.35,266.35,263.05,11.02M,-0.24
"Dec 15, 2016",265.4,259.9,267.5,259,12.27M,0.95
"Dec 14, 2016",262.9,266,266.25,262.3,8.67M,-1.22
"Dec 13, 2016",266.15,264.9,266.75,261.55,9.08M,0.95
"Dec 12, 2016",263.65,268.9,269.35,262.3,14.30M,-1.13
"Dec 09, 2016",266.65,260.8,267.2,258.8,16.00M,2.6
"Dec 08, 2016",259.9,258.45,260.5,258.05,9.05M,1.68
"Dec 07, 2016",255.6,260.35,262.75,251.65,22.19M,-1.35
"Dec 06, 2016",259.1,258.5,260.15,256.35,10.05M,0.86
"Dec 05, 2016",256.9,254.4,257.8,253.2,8.41M,1.1
"Dec 02, 2016",254.1,253.95,261.4,253,21.14M,-0.61
"Dec 01, 2016",255.65,259.65,261,254.65,12.99M,-1.05
"Nov 30, 2016",258.35,254,260.15,252.7,16.50M,2.24
"Nov 29, 2016",252.7,254.25,256.5,252,12.66M,-0.34
"Nov 28, 2016",253.55,253.45,257.75,248,22.32M,-2.84
"Nov 25, 2016",260.95,263.5,264.5,258.35,19.30M,-0.31
"Nov 24, 2016",261.75,257.8,263,254.55,28.93M,1.2
"Nov 23, 2016",258.65,259.8,260.35,254.75,16.19M,0.51
"Nov 22, 2016",257.35,260.8,262.65,251.15,25.63M,0
"Nov 21, 2016",257.35,277.15,277.6,255.85,26.00M,-6.69
"Nov 18, 2016",275.8,278.15,280,274.85,13.39M,-0.59
"Nov 17, 2016",277.45,278,282.2,275.6,19.50M,0.09
"Nov 16, 2016",277.2,284,284.8,276.15,27.53M,-0.36
"Nov 15, 2016",278.2,275.15,283.45,270.7,48.66M,1.9
"Nov 11, 2016",273,278.75,288.8,270.5,57.94M,-2.95
"Nov 10, 2016",281.3,267,284.2,265.25,50.23M,8.19
"Nov 09, 2016",260,235,261.05,235,31.76M,2.91
"Nov 08, 2016",252.65,253.7,254.1,248.65,9.37M,-0.02
"Nov 07, 2016",252.7,248,253.9,245.5,11.22M,4.06
"Nov 04, 2016",242.85,246.25,247.4,240.3,12.66M,-1.14
"Nov 03, 2016",245.65,251.15,252.8,244.85,12.90M,-2.15
"Nov 02, 2016",251.05,254.1,256,250.55,13.72M,-3.05
"Nov 01, 2016",258.95,257,260.9,256.5,10.00M,0.52
"Oct 30, 2016",257.6,258.9,260,256.6,2.11M,-0.16
"Oct 28, 2016",258,255.9,258.8,254,11.43M,1.02
"Oct 27, 2016",255.4,258,258.1,254.3,10.94M,-1.29
"Oct 26, 2016",258.75,260.4,264.85,256.8,15.02M,-1.03
"Oct 25, 2016",261.45,264,264.55,260.75,9.08M,-0.57
"Oct 24, 2016",262.95,259.3,264.9,259.3,14.48M,1.72
"Oct 21, 2016",258.5,259.75,259.75,256.1,8.83M,-0.65
"Oct 20, 2016",260.2,255.7,260.9,255.3,14.18M,1.88
"Oct 19, 2016",255.4,258,258,254.85,9.55M,-0.58
"Oct 18, 2016",256.9,254.9,257.7,253.8,20.22M,1.46
"Oct 17, 2016",253.2,253.75,256.45,252,16.87M,0.44
"Oct 14, 2016",252.1,251,253.55,249.1,12.13M,0.98
"Oct 13, 2016",249.65,254.95,255.35,245.85,18.05M,-2.71
"Oct 10, 2016",256.6,259.35,260.3,256.05,9.40M,-0.81
"Oct 07, 2016",258.7,257.25,259.9,255.25,11.93M,0.74
"Oct 06, 2016",256.8,261.35,262,255.65,11.08M,-1.55
"Oct 05, 2016",260.85,262,264.9,259.55,20.87M,0.42
"Oct 04, 2016",259.75,255.8,262,253.8,21.53M,1.74
"Oct 03, 2016",255.3,253,256.65,252.65,9.31M,1.61
"Sep 30, 2016",251.25,246.85,252.5,245.8,14.83M,1.62
"Sep 29, 2016",247.25,255,256.75,243.5,27.87M,-2.56
"Sep 28, 2016",253.75,250,255.8,248.05,17.28M,1.91
"Sep 27, 2016",249,253.15,253.9,248.3,11.35M,-1.05
"Sep 26, 2016",251.65,253.95,254.45,250.65,8.80M,-1.14
"Sep 23, 2016",254.55,258.8,258.8,253.8,12.73M,-1.3
"Sep 22, 2016",257.9,257.9,258.45,255.1,20.80M,2.69
"Sep 21, 2016",251.15,254.5,256.25,250.65,12.82M,-1.3
"Sep 20, 2016",254.45,256.4,256.4,253.65,9.91M,-0.47
"Sep 19, 2016",255.65,256,258.3,255.2,11.43M,0.53
"Sep 16, 2016",254.3,257.95,262,253.4,18.01M,-0.66
"Sep 15, 2016",256,258.35,258.35,254.2,7.78M,-0.6
"Sep 14, 2016",257.55,255,258,253,12.75M,1.9
"Sep 12, 2016",252.75,257.5,258.75,251.8,18.99M,-4.3
"Sep 09, 2016",264.1,268.4,268.4,263.35,11.46M,-1.58
"Sep 08, 2016",268.35,268,271.6,266.9,14.34M,0.58
"Sep 07, 2016",266.8,262.9,270.3,260.4,30.86M,2.58
"Sep 06, 2016",260.1,257.2,261.5,256,16.62M,2.16
"Sep 02, 2016",254.6,252,255.2,251.65,11.38M,1.03
"Sep 01, 2016",252,251.95,254.85,251.15,12.18M,-0.2
"Aug 31, 2016",252.5,253.25,255.8,251.2,15.60M,0.1
"Aug 30, 2016",252.25,250.15,252.9,249.8,15.32M,1.28
"Aug 29, 2016",249.05,245.85,249.85,244.25,11.79M,0.99
"Aug 26, 2016",246.6,250.3,250.7,245.85,16.53M,-1.42
"Aug 25, 2016",250.15,254.9,255.55,248.6,21.23M,-1.67
"Aug 24, 2016",254.4,254.95,256.2,253.5,11.56M,-0.14
"Aug 23, 2016",254.75,254.9,255.8,251,17.58M,-0.02
"Aug 22, 2016",254.8,259.8,260.4,254,19.77M,-1.43
"Aug 19, 2016",258.5,255,260,253.5,39.82M,4.07
"Aug 18, 2016",248.4,246.9,250.4,246.55,14.31M,0.87
"Aug 17, 2016",246.25,246.45,249.8,244.3,18.29M,-0.2
"Aug 16, 2016",246.75,245.25,247.9,242.65,27.71M,1.42
"Aug 12, 2016",243.3,227,247.95,224.4,86.62M,7.11
"Aug 11, 2016",227.15,231.5,231.6,226.1,16.67M,-1.88
"Aug 10, 2016",231.5,236.75,236.9,231.05,16.28M,-1.55
"Aug 09, 2016",235.15,234.25,238,232.65,19.85M,0.81
"Aug 08, 2016",233.25,233.95,235.9,231.7,16.97M,0.21
"Aug 05, 2016",232.75,227.35,233.9,226.9,21.26M,3.15
"Aug 04, 2016",225.65,228.45,228.7,223.2,17.81M,-0.44
"Aug 03, 2016",226.65,228.5,230.5,225.8,14.84M,-0.61
"Aug 02, 2016",228.05,229.3,230.9,227.3,16.15M,0.33
"Aug 01, 2016",227.3,230.8,232.65,225.3,16.07M,-0.92
"Jul 29, 2016",229.4,230,232.7,228.4,15.58M,-0.69
"Jul 28, 2016",231,230.15,235.15,229.3,26.84M,0.76
"Jul 27, 2016",229.25,227.75,231,226.8,17.63M,1.12
"Jul 26, 2016",226.7,230,232.2,225.9,14.16M,-1.39
"Jul 25, 2016",229.9,223,231,222.7,18.43M,2.86
"Jul 22, 2016",223.5,225.4,225.9,222.1,12.34M,-0.95
"Jul 21, 2016",225.65,231.65,232.1,224.4,13.31M,-2.38
"Jul 20, 2016",231.15,230.65,232.75,229.2,18.05M,0.68
"Jul 19, 2016",229.6,230,232.15,227,19.77M,0.37
"Jul 18, 2016",228.75,232.4,233.85,228.2,11.82M,-1.19
"Jul 15, 2016",231.5,232.9,234.4,230.8,15.07M,-0.22
"Jul 14, 2016",232,227,232.85,226,21.21M,1.89
"Jul 13, 2016",227.7,227,228.5,223.95,18.38M,0.44
"Jul 12, 2016",226.7,225,227.2,224.15,19.37M,0.89
"Jul 11, 2016",224.7,223.6,225.45,222,15.83M,2.93
"Jul 08, 2016",218.3,220.15,220.85,216.5,16.02M,-0.8
"Jul 07, 2016",220.05,223.9,224.6,219.35,12.92M,-1.54
"Jul 05, 2016",223.5,223.25,225.15,221.55,15.36M,0.22
"Jul 04, 2016",223,222.35,224.35,222,16.53M,1.55
"Jul 01, 2016",219.6,220.8,221,218.9,15.35M,0.37
"Jun 30, 2016",218.8,220,221.9,217.9,30.60M,0.74
"Jun 29, 2016",217.2,217.9,218.8,216.1,18.02M,0.6
"Jun 28, 2016",215.9,216.75,218.65,215.4,21.78M,-0.58
"Jun 27, 2016",217.15,210.8,218.85,210.55,29.02M,2.79
"Jun 24, 2016",211.25,205.9,212.35,202.5,47.22M,-2.9
"Jun 23, 2016",217.55,213,218,212.75,20.67M,2.18
"Jun 22, 2016",212.9,214,215.25,211.45,16.40M,-0.51
"Jun 21, 2016",214,215,217.5,213.15,18.96M,-0.88
"Jun 20, 2016",215.9,208,216.7,207.9,32.63M,1.15
"Jun 17, 2016",213.45,216.75,217.5,211.6,26.49M,-1.18
"Jun 16, 2016",216,216,218.5,213.05,48.12M,-0.02
"Jun 15, 2016",216.05,209.75,217.55,208.55,48.36M,4.02
"Jun 14, 2016",207.7,204.35,208.6,203.8,23.92M,2.92
"Jun 13, 2016",201.8,201.5,202.6,200.2,21.19M,-2.02
"Jun 10, 2016",205.95,209.35,211.5,205.3,25.60M,-1.91
"Jun 09, 2016",209.95,210,212.8,208.3,27.86M,-0.36
"Jun 08, 2016",210.7,210.15,211.9,207.55,35.16M,0.26
"Jun 07, 2016",210.15,200.45,211.15,200.15,66.06M,5.66
"Jun 06, 2016",198.9,197.45,202.6,197.1,23.62M,1.17
"Jun 03, 2016",196.6,201,202.15,195.4,24.57M,-1.97
"Jun 02, 2016",200.55,197.85,202.3,195.55,23.50M,1.16
"Jun 01, 2016",198.25,205.95,208.3,196.6,41.87M,-3.27
"May 31, 2016",204.95,198.8,205.7,196.2,39.46M,3.07
"May 30, 2016",198.85,200.2,203.9,194.6,46.08M,1.51
"May 27, 2016",195.9,184,202.4,181.5,85.59M,6.38
"May 26, 2016",184.15,175.1,185.5,173.5,30.70M,5.17
"May 25, 2016",175.1,171.5,175.8,171.45,18.90M,3.3
"May 24, 2016",169.5,168.8,170.4,166.4,14.82M,0.65
"May 23, 2016",168.4,172.3,172.7,168.2,16.19M,-1.72
"May 20, 2016",171.35,173.5,174.7,170.55,16.72M,-0.78
"May 19, 2016",172.7,181,181,171.9,25.48M,-4.03
"May 18, 2016",179.95,176.9,180.45,173.55,25.35M,1.75
"May 17, 2016",176.85,178.5,178.6,175.25,22.18M,0.03
"May 16, 2016",176.8,185,185,175.15,30.94M,-4.35
"May 13, 2016",184.85,187.95,187.95,184.3,15.55M,-1.94
"May 12, 2016",188.5,187.1,189.5,185.4,17.40M,1.89
"May 11, 2016",185,185.4,188.5,184.1,18.13M,-2.37
"May 10, 2016",189.5,187.6,190.3,186.7,13.85M,0.42
"May 09, 2016",188.7,186.5,189.4,185.05,13.86M,2.36
"May 06, 2016",184.35,180.95,184.95,180.1,18.34M,2.22
"May 05, 2016",180.35,180.25,182.7,178.5,17.74M,0.22
"May 04, 2016",179.95,183.5,184.4,179.15,17.83M,-2.23
"May 03, 2016",184.05,187,189.35,183.65,16.25M,-1.05
"May 02, 2016",186,187.6,188.45,185.5,14.47M,-1.59
"Apr 29, 2016",189,191.9,194,186.45,21.02M,-1.59
"Apr 28, 2016",192.05,196.75,198.2,191.2,24.56M,-2.09
"Apr 27, 2016",196.15,200.9,200.9,195.5,22.80M,-2.39
"Apr 26, 2016",200.95,195.95,201.4,194.55,21.81M,1.98
"Apr 25, 2016",197.05,200.95,202.55,195.8,23.84M,-1.55
"Apr 22, 2016",200.15,193.6,201.5,191.55,34.05M,2.98
"Apr 21, 2016",194.35,190.5,197.4,190,31.01M,3.76
"Apr 20, 2016",187.3,188.35,188.65,184.1,20.16M,0.29
"Apr 18, 2016",186.75,191.45,191.5,185.6,13.99M,-2.68
"Apr 13, 2016",191.9,191.55,193.8,190.8,17.57M,2.18
"Apr 12, 2016",187.8,188.5,190.25,186.3,14.56M,-0.24
"Apr 11, 2016",188.25,183.85,188.9,182,18.99M,2.81
"Apr 08, 2016",183.1,181.65,183.95,180.2,15.81M,0.63
"Apr 07, 2016",181.95,183.8,185.65,181,19.43M,-1.03
"Apr 06, 2016",183.85,185,185.5,182.2,16.35M,-0.27
"Apr 05, 2016",184.35,193.9,194.55,183.3,36.64M,-5.32
"Apr 04, 2016",194.7,197.3,197.45,192.55,15.73M,-0.49
"Apr 01, 2016",195.65,193.7,197.25,192,21.75M,0.72
"Mar 31, 2016",194.25,197.85,198.75,192.35,30.13M,-1.67
"Mar 30, 2016",197.55,192.25,198.3,190.5,20.71M,4.25
"Mar 29, 2016",189.5,188.5,191.25,186.65,16.80M,0.64
"Mar 28, 2016",188.3,195.8,198.25,187.65,19.76M,-4.22
"Mar 23, 2016",196.6,196.9,197.6,195.3,13.36M,-0.46
"Mar 22, 2016",197.5,196.8,198.25,194.5,16.73M,0.36
"Mar 21, 2016",196.8,193,197.3,193,20.68M,2.9
"Mar 18, 2016",191.25,186.85,192,186,21.14M,2.63
"Mar 17, 2016",186.35,188,189.3,185,21.56M,0.62
"Mar 16, 2016",185.2,185,185.9,181.6,19.24M,-0.05
"Mar 15, 2016",185.3,181.65,186.2,181.65,22.37M,1.95
"Mar 14, 2016",181.75,182.45,183.4,180.7,14.37M,0.92
"Mar 11, 2016",180.1,180,182.65,177.55,21.87M,-0.22
"Mar 10, 2016",180.5,184.75,184.75,179.4,20.47M,-1.58
"Mar 09, 2016",183.4,180,184,178.7,29.45M,0.03
"Mar 08, 2016",183.35,186.95,186.95,181.4,27.93M,-2.68
"Mar 04, 2016",188.4,183.4,189.85,178.5,38.86M,3.09
"Mar 03, 2016",182.75,184,184.6,178.5,33.51M,0.88
"Mar 02, 2016",181.15,172.5,183.2,172.5,53.33M,11.79
"Mar 01, 2016",162.05,160.5,162.9,158.55,23.59M,2.08
"Feb 29, 2016",158.75,158.2,163.9,153,66.98M,1.83
"Feb 26, 2016",155.9,155.5,158.7,152.55,30.05M,2.7
"Feb 25, 2016",151.8,157.6,158.1,151,22.71M,-2.88
"Feb 24, 2016",156.3,156,160.7,155.3,19.44M,-1.39
"Feb 23, 2016",158.5,165,165,158,20.20M,-3.91
"Feb 22, 2016",164.95,165.95,166.8,163.7,15.82M,0.15
"Feb 19, 2016",164.7,157.9,165.3,157.1,24.59M,3.07
"Feb 18, 2016",159.8,161.95,163.7,156.4,21.02M,0.53
"Feb 17, 2016",158.95,155,159.85,151.25,32.45M,1.63
"Feb 16, 2016",156.4,170.75,170.75,155.65,33.82M,-6.82
"Feb 15, 2016",167.85,159,170,158,35.96M,8.43
"Feb 12, 2016",154.8,156.15,157.65,148.25,41.19M,0.36
"Feb 11, 2016",154.25,159.5,167.5,152.2,72.75M,-2.99
"Feb 10, 2016",159,165,166.2,158,32.29M,-4.82
"Feb 09, 2016",167.05,168,172.4,166.1,19.01M,-2.96
"Feb 08, 2016",172.15,169.45,176.9,168.55,22.29M,2.35
"Feb 05, 2016",168.2,163.7,169.3,162.2,22.73M,3.29
"Feb 04, 2016",162.85,169.3,169.8,160.2,23.81M,-1.93
"Feb 03, 2016",166.05,167.8,167.8,163.25,24.13M,-1.98
"Feb 02, 2016",169.4,173.1,177.4,168.6,35.96M,-1.94
"Feb 01, 2016",172.75,181.95,181.95,172.1,22.92M,-3.97
"Jan 29, 2016",179.9,184.2,185.75,178.1,24.26M,-2.89
"Jan 28, 2016",185.25,184.2,185.9,182.5,20.24M,0.46
"Jan 27, 2016",184.4,184.4,186.2,181.05,16.57M,0.79
"Jan 25, 2016",182.95,187.9,188.8,182.5,17.53M,-0.89
"Jan 22, 2016",184.6,179.9,185.4,178.3,21.43M,5.13
"Jan 21, 2016",175.6,177,178.65,172.05,28.70M,1.12
"Jan 20, 2016",173.65,180.65,180.65,171.5,28.66M,-5.08
"Jan 19, 2016",182.95,182.15,187.8,181.5,24.50M,1.08
"Jan 18, 2016",181,184.9,188.15,179.15,35.65M,-1.79
"Jan 15, 2016",184.3,197.8,197.8,181,29.09M,-5.99
"Jan 14, 2016",196.05,197,201.5,194.3,20.26M,-2.41
"Jan 13, 2016",200.9,201.35,202.4,194,23.79M,0.75
"Jan 12, 2016",199.4,204.85,205,198.6,20.32M,-2.4
"Jan 11, 2016",204.3,206.8,207.5,202.65,19.29M,-2.23
"Jan 08, 2016",208.95,212,212.5,208.6,11.75M,-0.29
"Jan 07, 2016",209.55,214,214.1,209,14.34M,-3.37
"Jan 06, 2016",216.85,217.9,219.9,216.4,11.92M,-0.41
"Jan 05, 2016",217.75,222.8,222.8,217,15.07M,-1.34
"Jan 04, 2016",220.7,226.95,226.95,220.05,14.09M,-3.12
"Jan 01, 2016",227.8,225,228.9,224.5,6.45M,1.49
"Dec 31, 2015",224.45,225.95,226.55,224,11.56M,-0.6
"Dec 30, 2015",225.8,229,229.7,224.85,11.70M,-1.05
"Dec 29, 2015",228.2,228.85,229.95,227.5,7.26M,-0.31
"Dec 28, 2015",228.9,229.05,229.95,228,8.76M,0.26
"Dec 24, 2015",228.3,230.85,231,227.6,7.26M,-0.59
"Dec 23, 2015",229.65,230.25,231,228.9,7.91M,0.57
"Dec 22, 2015",228.35,231.65,232.25,227.5,9.16M,-0.91
"Dec 21, 2015",230.45,226.9,231,226.5,9.56M,1.74
"Dec 18, 2015",226.5,229.95,232.35,225.8,18.87M,-1.91
"Dec 17, 2015",230.9,230,232.4,228.5,14.54M,1.58
"Dec 16, 2015",227.3,227.75,229.6,225.25,13.03M,0.4
"Dec 15, 2015",226.4,227,227.15,224,10.40M,0.2
"Dec 14, 2015",225.95,224.9,227.7,224,12.46M,-0.59
"Dec 11, 2015",227.3,232.9,233.9,225.1,12.87M,-2
"Dec 10, 2015",231.95,236,236.75,230.6,11.71M,-1.05
"Dec 09, 2015",234.4,235.4,238.2,233.6,7.41M,-0.66
"Dec 08, 2015",235.95,238.1,239.95,235.3,8.25M,-1.13
"Dec 07, 2015",238.65,242.95,242.95,238,7.53M,-1.02
"Dec 04, 2015",241.1,240,242.15,238.05,11.12M,0
"Dec 03, 2015",241.1,244.15,244.5,240.4,7.16M,-1.43
"Dec 02, 2015",244.6,250.55,250.65,243.75,10.88M,-2.24
"Dec 01, 2015",250.2,250.85,251.9,249.3,9.50M,0
"Nov 30, 2015",250.2,249.65,253,245,12.87M,0.2
"Nov 27, 2015",249.7,243,250.5,242.8,15.15M,2.97
"Nov 26, 2015",242.5,241.95,244.9,241,13.63M,0.46
"Nov 24, 2015",241.4,242.5,244,240.6,6.65M,-0.54
"Nov 23, 2015",242.7,243.9,245.25,240.55,10.55M,-0.1
"Nov 20, 2015",242.95,243.95,249.9,242,13.72M,-0.39
"Nov 19, 2015",243.9,243.05,245,241.4,7.33M,1.2
"Nov 18, 2015",241,247.6,248.7,239.45,10.40M,-2.76
"Nov 17, 2015",247.85,250,251.65,246.7,11.27M,-0.18
"Nov 16, 2015",248.3,239.5,249.35,239.1,14.05M,3.35
"Nov 13, 2015",240.25,241.5,241.8,237.7,9.08M,-1.19
"Nov 11, 2015",243.15,243,244.25,242.55,2.06M,0.81
"Nov 10, 2015",241.2,244.9,247.25,240.1,11.77M,-1.99
"Nov 09, 2015",246.1,236,248.3,235.6,22.81M,1.28
"Nov 06, 2015",243,235.6,244.8,233,30.82M,3.89
"Nov 05, 2015",233.9,238,239,233.1,8.91M,-2.13
"Nov 04, 2015",239,239.2,240.5,237,8.42M,1.29
"Nov 03, 2015",235.95,239.35,239.7,235,8.32M,-0.4
"Nov 02, 2015",236.9,238,238,232.7,7.61M,-0.06
"Oct 30, 2015",237.05,238.7,240.4,235.1,8.67M,0.04
"Oct 29, 2015",236.95,241.5,241.8,236.45,16.11M,-2.11
"Oct 28, 2015",242.05,248,249.45,241.2,12.31M,-2.71
"Oct 27, 2015",248.8,250.1,252.2,248.1,6.57M,-0.98
"Oct 26, 2015",251.25,254.75,256,250.35,13.09M,-0.85
"Oct 23, 2015",253.4,253,254.85,252,7.54M,1.44
"Oct 21, 2015",249.8,254,255.9,248.55,8.61M,-1.98
"Oct 20, 2015",254.85,254.5,257.1,253.2,8.81M,0.14
"Oct 19, 2015",254.5,256.65,257.1,253.5,8.97M,-0.14
"Oct 16, 2015",254.85,249.85,257.15,248.35,11.74M,2.37
"Oct 15, 2015",248.95,246,249.9,245.5,11.58M,1.92
"Oct 14, 2015",244.25,243.7,246.8,243.2,7.90M,0.18
"Oct 13, 2015",243.8,244,247.5,242.05,10.20M,-0.31
"Oct 12, 2015",244.55,244.1,245.65,241.3,7.57M,0.45
"Oct 09, 2015",243.45,245.5,247.8,240.65,12.17M,0.06
"Oct 08, 2015",243.3,242.45,245.2,241.1,9.23M,-0.1
"Oct 07, 2015",243.55,240.15,244.25,239.05,10.61M,1.44
"Oct 06, 2015",240.1,242.7,242.8,237.7,10.09M,0.04
"Oct 05, 2015",240,238.1,241.35,237.25,18.31M,2.06
"Oct 01, 2015",235.15,241.2,241.9,234.4,11.59M,-0.84
"Sep 30, 2015",237.15,244.85,245.4,235.7,17.01M,-1.96
"Sep 29, 2015",241.9,236,245.4,232.2,24.49M,1.02
"Sep 28, 2015",239.45,241,243.65,238.65,8.59M,0.17
"Sep 24, 2015",239.05,239.45,241.45,238.05,9.30M,-0.33
"Sep 23, 2015",239.85,235,241.9,233.6,13.61M,0.8
"Sep 22, 2015",237.95,247.95,248.45,236.25,13.67M,-2.98
"Sep 21, 2015",245.25,239.55,246,237.25,9.60M,1.34
"Sep 18, 2015",242,240,246.45,239.5,16.05M,2.2
"Sep 16, 2015",236.8,236.4,237.75,235,11.27M,1.2
"Sep 15, 2015",234,235.2,238.45,232.65,13.19M,-0.53
"Sep 14, 2015",235.25,231.55,236,230,10.67M,2.24
"Sep 11, 2015",230.1,230.9,233.3,228,13.65M,1.17
"Sep 10, 2015",227.45,227.35,229.8,224.1,14.20M,-1.81
"Sep 09, 2015",231.65,233.95,234.5,229.1,18.24M,1.45
"Sep 08, 2015",228.35,223,230.25,221.15,16.19M,3.28
"Sep 07, 2015",221.1,227.1,227.5,220.15,15.42M,-1.8
"Sep 04, 2015",225.15,231.9,231.9,224,20.47M,-3.06
"Sep 03, 2015",232.25,232.65,235.4,231,14.68M,0.74
"Sep 02, 2015",230.55,242.65,243,230.1,23.66M,-3.58
"Sep 01, 2015",239.1,244.85,244.85,237.7,19.69M,-3.34
"Aug 31, 2015",247.35,249,251.35,245,21.65M,-0.64
"Aug 28, 2015",248.95,254.5,255.9,247.45,16.64M,-0.2
"Aug 27, 2015",249.45,251.15,252,248.1,21.08M,1.53
"Aug 26, 2015",245.7,252.5,253.3,245,16.33M,-3.02
"Aug 25, 2015",253.35,250,254.8,240,23.49M,3.24
"Aug 24, 2015",245.4,254.7,257.7,242.4,29.56M,-8.26
"Aug 21, 2015",267.5,261.5,268.9,256.2,19.03M,-1.13
"Aug 20, 2015",270.55,277.65,281.65,268,14.58M,-2.68
"Aug 19, 2015",278,283.9,285.95,275.55,15.45M,-2.39
"Aug 18, 2015",284.8,280.8,288,275.55,27.73M,1.81
"Aug 17, 2015",279.75,272,281.9,270.8,27.50M,4.19
"Aug 14, 2015",268.5,261.9,269.4,259.25,14.85M,3.55
"Aug 13, 2015",259.3,259.75,262.85,258.15,16.36M,1.15
"Aug 12, 2015",256.35,267.45,267.45,255.05,29.72M,-4.63
"Aug 11, 2015",268.8,285.8,289.45,267.5,39.23M,-4.93
"Aug 10, 2015",282.75,282.05,286,280.1,14.69M,0.52
"Aug 07, 2015",281.3,288.5,288.5,280.2,13.85M,-2.68
"Aug 06, 2015",289.05,285.6,290.8,282,15.37M,1.28
"Aug 05, 2015",285.4,289.1,291.8,284.25,10.17M,-1.11
"Aug 04, 2015",288.6,282.5,289.95,276.4,28.86M,2.69
"Aug 03, 2015",281.05,270,283,269.9,21.90M,4.07
"Jul 31, 2015",270.05,258,273.75,257.55,20.53M,5.16
"Jul 30, 2015",256.8,253.6,259.5,253.6,10.54M,1.26
"Jul 29, 2015",253.6,260,260.7,252.3,10.00M,-2.16
"Jul 28, 2015",259.2,260.25,263.9,258.35,10.79M,0.29
"Jul 27, 2015",258.45,263.2,263.4,258.05,6.79M,-1.82
"Jul 24, 2015",263.25,268.7,270.35,262.1,7.80M,-2.52
"Jul 23, 2015",270.05,268.5,272,267.25,6.38M,0.56
"Jul 22, 2015",268.55,263.7,269.4,261.9,11.32M,1.61
"Jul 21, 2015",264.3,267,269.8,263.5,5.64M,-1.18
"Jul 20, 2015",267.45,272,272,266.15,6.42M,-1.35
"Jul 17, 2015",271.1,272.4,274,270.5,5.57M,-0.4
"Jul 16, 2015",272.2,269.75,272.75,268.1,8.35M,1.55
"Jul 15, 2015",268.05,268.75,271.7,267.15,7.48M,-0.06
"Jul 14, 2015",268.2,273.6,273.6,267.15,10.34M,-2.01
"Jul 13, 2015",273.7,272,274.35,267.9,8.42M,1.16
"Jul 10, 2015",270.55,270.25,271,266.25,8.79M,1.05
"Jul 09, 2015",267.75,267,271.3,267,6.47M,0.15
"Jul 08, 2015",267.35,269.9,271,265.6,12.67M,-2.03
"Jul 07, 2015",272.9,270.4,274.65,270,12.52M,0.78
"Jul 06, 2015",270.8,263.2,271.5,262,9.46M,0.52
"Jul 03, 2015",269.4,267.35,270,266.8,7.24M,0.58
"Jul 02, 2015",267.85,267.9,271.25,266.1,8.74M,0.04
"Jul 01, 2015",267.75,263.1,269.5,262.55,12.07M,1.9
"Jun 30, 2015",262.75,259.25,263.35,257.6,14.18M,1.19
"Jun 29, 2015",259.65,258.75,260.8,255,15.04M,-2.09
"Jun 26, 2015",265.2,264.1,266.9,261.05,14.59M,0.15
"Jun 25, 2015",264.8,261.25,266,259.05,16.51M,0.93
"Jun 24, 2015",262.35,267.7,267.9,260.5,8.36M,-2.02
"Jun 23, 2015",267.75,269.4,271.2,266.25,16.18M,0.66
"Jun 22, 2015",266,260.9,267.4,260.8,11.05M,2.25
"Jun 19, 2015",260.15,259.9,263.1,258.15,12.22M,0.79
"Jun 18, 2015",258.1,256.45,260.7,255.2,11.60M,1.18
"Jun 17, 2015",255.1,256,256.9,253.5,11.24M,0.2
"Jun 16, 2015",254.6,250.25,255.75,249,9.90M,1.74
"Jun 15, 2015",250.25,255,255.6,248.85,13.55M,-1.46
"Jun 12, 2015",253.95,254.05,255.5,251.8,11.44M,-0.02
"Jun 11, 2015",254,262.25,262.95,252.65,20.86M,-2.53
"Jun 10, 2015",260.6,259,262.55,258.5,10.91M,1.16
"Jun 09, 2015",257.6,255,258.3,254,15.28M,1.04
"Jun 08, 2015",254.95,258.75,258.75,252.55,17.38M,-1.11
"Jun 05, 2015",257.8,257,262,255.6,13.54M,0.08
"Jun 04, 2015",257.6,259.9,261.4,253.75,20.21M,0.08
"Jun 03, 2015",257.4,267,267.3,255.05,25.97M,-3.32
"Jun 02, 2015",266.25,278.8,279.45,265.35,21.65M,-4.3
"Jun 01, 2015",278.2,278.65,282,277.55,11.57M,0.02
"May 29, 2015",278.15,278.65,281.65,277.1,14.81M,0.2
"May 28, 2015",277.6,279.8,279.8,276.1,13.02M,-1.12
"May 27, 2015",280.75,277,281.6,274.2,12.18M,1.3
"May 26, 2015",277.15,279,280.8,276,9.68M,-0.18
"May 25, 2015",277.65,280.2,284.3,276.15,20.36M,-1.7
"May 22, 2015",282.45,293,305,280.75,69.49M,-2.69
"May 21, 2015",290.25,294,294.75,288.45,12.12M,-0.8
"May 20, 2015",292.6,289.5,294.8,289.25,11.81M,1.44
"May 19, 2015",288.45,289.2,291.35,286.2,14.54M,-0.45
"May 18, 2015",289.75,289.9,290,285.4,13.27M,0.8
"May 15, 2015",287.45,282,288.35,282,18.25M,2.31
"May 14, 2015",280.95,274,281.9,272.95,13.10M,2.42
"May 13, 2015",274.3,269.9,275,268.05,9.25M,2.58
"May 12, 2015",267.4,275.3,275.4,266.35,12.79M,-3.13
"May 11, 2015",276.05,263.4,277.2,262.6,17.20M,5.38
"May 08, 2015",261.95,264,268,260.3,14.04M,0.38
"May 07, 2015",260.95,264,267.25,259.65,15.96M,-1.68
"May 06, 2015",265.4,271.45,273.6,263.25,16.34M,-2.44
"May 05, 2015",272.05,277,277,271.35,7.10M,-1.84
"May 04, 2015",277.15,274,278,271.65,8.01M,2.74
"Apr 30, 2015",269.75,270.1,273.45,266.7,21.64M,-0.79
"Apr 29, 2015",271.9,272.25,273.4,269.55,8.22M,-0.22
"Apr 28, 2015",272.5,267,273.5,265.15,12.69M,2.04
"Apr 27, 2015",267.05,276.55,276.55,266.1,12.39M,-3.08
"Apr 24, 2015",275.55,278.35,279.6,274.35,10.05M,-0.76
"Apr 23, 2015",277.65,285,287.4,276.25,13.87M,-2.18
"Apr 22, 2015",283.85,290.55,293.25,275.4,17.74M,-1.85
"Apr 21, 2015",289.2,287.4,292,281.75,15.49M,0.54
"Apr 20, 2015",287.65,291,293.35,284.85,13.79M,-1.41
"Apr 17, 2015",291.75,291,294.9,289.2,16.82M,-0.22
"Apr 16, 2015",292.4,290.25,294.25,286.5,15.04M,0.83
"Apr 15, 2015",290,287.4,294.45,285.95,17.29M,1.29
"Apr 13, 2015",286.3,287.8,288.5,283.35,11.99M,0.19
"Apr 10, 2015",285.75,281,287.35,280.05,16.88M,1.74
"Apr 09, 2015",280.85,275,281.8,272.5,13.47M,2.54
"Apr 08, 2015",273.9,271.9,277.35,271.85,9.91M,0.68
"Apr 07, 2015",272.05,275.3,276.35,270.3,12.93M,-0.95
"Apr 06, 2015",274.65,275.45,275.75,271.2,12.93M,0.44
"Apr 01, 2015",273.45,266.65,274.65,263.15,12.38M,2.4
"Mar 31, 2015",267.05,268.9,271.35,266,19.48M,-0.32
"Mar 30, 2015",267.9,265.1,269.35,263.15,12.30M,1.63
"Mar 27, 2015",263.6,259.85,264.95,256,19.42M,2.71
"Mar 26, 2015",256.65,264.5,265.9,255.2,22.25M,-3.3
"Mar 25, 2015",265.4,271.9,272.1,265,15.82M,-1.9
"Mar 24, 2015",270.55,273.8,276.4,269,17.59M,-1.53
"Mar 23, 2015",274.75,279.4,280,273.55,13.06M,-1.26
"Mar 20, 2015",278.25,281.8,282.4,276.8,11.48M,-1.19
"Mar 19, 2015",281.6,290,290.3,280.6,11.05M,-1.98
"Mar 18, 2015",287.3,284.1,288.45,282,12.39M,1.48
"Mar 17, 2015",283.1,283.9,284,279.5,11.35M,0.51
"Mar 16, 2015",281.65,281.5,283.85,280,15.13M,0.32
"Mar 13, 2015",280.75,290,291.05,280,13.41M,-2.13
"Mar 12, 2015",286.85,288.15,289.45,286.1,9.97M,0.6
"Mar 11, 2015",285.15,288.55,290.9,283.75,16.33M,-0.85
"Mar 10, 2015",287.6,290.75,293.25,285.1,14.06M,-1.05
"Mar 09, 2015",290.65,292,294,288.7,13.20M,-1.07
"Mar 05, 2015",293.8,294.75,296.25,289.75,16.80M,-0.02
"Mar 04, 2015",293.85,314,315,292,38.67M,-2.89
"Mar 03, 2015",302.6,303.5,305.4,299.7,14.39M,0.2
"Mar 02, 2015",302,305.9,305.9,296.7,15.09M,0.12
"Feb 28, 2015",301.65,304.95,306.4,295.1,25.01M,0.58
"Feb 27, 2015",299.9,291.25,301,290.1,18.32M,3.63
"Feb 26, 2015",289.4,297,297,288.05,18.71M,-2.08
"Feb 25, 2015",295.55,299,300.65,295,12.85M,-0.24
"Feb 24, 2015",296.25,296.9,299,292.1,15.05M,-0.1
"Feb 23, 2015",296.55,303.2,304.6,294.4,12.44M,-1.9
"Feb 20, 2015",302.3,301.9,306.5,297.05,15.79M,-0.02
"Feb 19, 2015",302.35,306.1,307.3,296.8,17.76M,-1.1
"Feb 18, 2015",305.7,306.8,307.9,302,13.47M,-0.33
"Feb 16, 2015",306.7,310.6,313.15,304.7,21.37M,-0.08
"Feb 13, 2015",306.95,288,307.95,285.35,70.54M,7.97
"Feb 12, 2015",284.3,288.9,289,278.3,20.96M,-0.58
"Feb 11, 2015",285.95,290.8,293.5,283.7,17.37M,-0.47
"Feb 10, 2015",287.3,277.5,290.8,275.7,22.59M,2.79
"Feb 09, 2015",279.5,289.5,292.8,278,17.09M,-3.72
"Feb 06, 2015",290.3,291,294.85,285.7,15.99M,-0.17
"Feb 05, 2015",290.8,293.15,297.8,289.2,15.72M,-0.77
"Feb 04, 2015",293.05,302.7,302.95,291.9,21.48M,-2.41
"Feb 03, 2015",300.3,312,312,299.05,23.74M,-2.34
"Feb 02, 2015",307.5,309.5,311.9,305.1,17.64M,-0.47
"Jan 30, 2015",308.95,328.7,330.5,307,30.25M,-5.52
"Jan 29, 2015",327,332.8,333.6,325.1,14.91M,-2.27
"Jan 28, 2015",334.6,330.4,336,328.2,19.43M,1.38
"Jan 27, 2015",330.05,329.4,332.15,322.6,13.73M,0.79
"Jan 23, 2015",327.45,328.25,332.55,324.65,17.13M,0.86
"Jan 22, 2015",324.65,326.9,327.6,321.8,12.23M,-0.48
"Jan 21, 2015",326.2,319.9,327.6,319,22.62M,2.53
"Jan 20, 2015",318.15,314,319.8,314,13.10M,1.6
"Jan 19, 2015",313.15,316.55,317.95,312.5,9.98M,-0.73
"Jan 16, 2015",315.45,320,320.3,313.1,21.60M,-1.51
"Jan 15, 2015",320.3,319.9,323.7,314,30.73M,5.12
"Jan 14, 2015",304.7,304,307,302.25,8.86M,-0.13
"Jan 13, 2015",305.1,308.15,310.75,304.15,9.48M,-0.65
"Jan 12, 2015",307.1,304.15,307.8,301.1,8.54M,1.29
"Jan 09, 2015",303.2,306.7,307.85,302,11.95M,-0.54
"Jan 08, 2015",304.85,305,306.5,302.35,8.94M,1.57
"Jan 07, 2015",300.15,300,302.55,295.15,15.05M,0.08
"Jan 06, 2015",299.9,310,311.1,298.7,15.33M,-4.11
"Jan 05, 2015",312.75,316.25,316.8,312.1,9.14M,-0.79
"Jan 02, 2015",315.25,314.35,318.3,314.35,9.94M,0.4
"Jan 01, 2015",314,312.45,315,310.7,6.14M,0.69
"Dec 31, 2014",311.85,310.05,312.95,310,6.31M,0.68
"Dec 30, 2014",309.75,308.2,310.75,306,8.11M,0.72
"Dec 29, 2014",307.55,309.5,310.2,307,7.70M,-0.03
"Dec 26, 2014",307.65,306.85,309.8,306.05,7.37M,0.62
"Dec 24, 2014",305.75,306,309.95,305,14.87M,-0.47
"Dec 23, 2014",307.2,307.6,312.5,306.25,12.84M,-0.16
"Dec 22, 2014",307.7,306.3,308.65,303.35,11.57M,1.17
"Dec 19, 2014",304.15,311.55,312,303.5,14.13M,-0.96
"Dec 18, 2014",307.1,310.8,312.6,304.5,18.92M,1.77
"Dec 17, 2014",301.75,294.4,306.4,287,28.29M,2.08
"Dec 16, 2014",295.6,308.1,311,293,20.95M,-4.81
"Dec 15, 2014",310.55,308.3,316,307.55,15.12M,-0.26
"Dec 12, 2014",311.35,313.65,316.9,309,11.73M,-0.86
"Dec 11, 2014",314.05,313.6,318.55,310.45,13.15M,-0.6
"Dec 10, 2014",315.95,303.5,317.2,303.3,15.38M,3.07
"Dec 09, 2014",306.55,312.7,314.4,305.5,14.93M,-2.03
"Dec 08, 2014",312.9,318.6,318.6,312.3,9.81M,-1.46
"Dec 05, 2014",317.55,320,321.3,316,11.39M,-0.86
"Dec 04, 2014",320.3,319.85,321,314.05,13.81M,0.74
"Dec 03, 2014",317.95,319.65,322.9,316.35,13.70M,-0.24
"Dec 02, 2014",318.7,318.9,322.8,311.55,23.78M,-0.28
"Dec 01, 2014",319.6,322.8,326.95,317.6,18.45M,-0.56
"Nov 28, 2014",321.4,308.4,322.5,308,27.76M,5.08
"Nov 27, 2014",305.85,307,308.5,303.85,15.38M,-0.13
"Nov 26, 2014",306.25,304.9,308.75,303.6,11.13M,0.59
"Nov 25, 2014",304.45,309.9,309.95,301,26.78M,-1.42
"Nov 24, 2014",308.85,307.8,309.85,306.05,18.63M,1.1
"Nov 21, 2014",305.5,299.9,307,297.25,21.01M,2.83
"Nov 20, 2014",297.1,294.75,298.75,291.25,18.10M,2.08
"Nov 19, 2014",291.05,294.9,296.8,290.36,20.74M,-1.19
"Nov 18, 2014",294.57,295.69,297.9,292.41,32.90M,0.17
"Nov 17, 2014",294.06,279.4,295.13,279.22,49.16M,5.48
"Nov 14, 2014",278.79,273,280.69,272,50.85M,2.52
"Nov 13, 2014",271.93,275.61,276.23,269.5,16.86M,-0.98
"Nov 12, 2014",274.61,275.3,277.15,273.56,16.23M,0.21
"Nov 11, 2014",274.04,274.79,276.25,270.5,17.41M,0.03
"Nov 10, 2014",273.95,275.9,276.9,273.3,12.07M,-0.11
"Nov 07, 2014",274.25,277.5,278.1,273,18.16M,-1.42
"Nov 05, 2014",278.19,273.3,279.98,272.4,26.61M,2.14
"Nov 03, 2014",272.35,270.6,274.35,269.43,17.78M,0.77
"Oct 31, 2014",270.28,265.2,270.98,264.6,20.77M,2.46
"Oct 30, 2014",263.8,264.99,265.31,262.2,15.54M,-0.22
"Oct 29, 2014",264.38,267.7,267.9,263.1,17.37M,-0.49
"Oct 28, 2014",265.68,260.8,266.43,260.6,22.96M,2.27
"Oct 27, 2014",259.78,259.2,261.99,258.1,13.43M,0.74
"Oct 23, 2014",257.86,259.14,259.37,257.4,2.38M,0.13
"Oct 22, 2014",257.52,260.9,261.36,256.51,14.51M,-0.35
"Oct 21, 2014",258.42,258,260.7,256.96,15.02M,0.58
"Oct 20, 2014",256.94,257.7,259.38,255.28,18.82M,1.88
"Oct 17, 2014",252.19,248.8,253.5,247.51,14.63M,2.25
"Oct 16, 2014",246.64,250.03,255.48,245.24,19.07M,-2.26
"Oct 14, 2014",252.35,250.46,254.4,249.24,17.32M,1.53
"Oct 13, 2014",248.54,243.7,249.44,243.12,13.93M,1.4
"Oct 10, 2014",245.12,245.48,249.32,243.31,12.53M,-1.15
"Oct 09, 2014",247.96,242.6,249.85,242.6,17.28M,2.84
"Oct 08, 2014",241.12,234.6,241.98,234.6,13.59M,1.89
"Oct 07, 2014",236.64,240.47,242.34,235.94,13.00M,-2.35
"Oct 01, 2014",242.34,244.5,245.4,241.22,10.54M,-0.91
"Sep 30, 2014",244.57,243.6,247.6,242.03,18.63M,-0.16
"Sep 29, 2014",244.97,245.1,247.8,242.6,13.85M,0.18
"Sep 26, 2014",244.53,235.99,246.01,235,28.12M,2.84
"Sep 25, 2014",237.77,249.5,249.99,236.23,28.37M,-4.37
"Sep 24, 2014",248.63,255.03,257.32,245.57,23.11M,-2.73
"Sep 23, 2014",255.62,260.99,262.47,254.91,19.38M,-1.74
"Sep 22, 2014",260.15,255.1,262.5,254.23,14.35M,1.3
"Sep 19, 2014",256.8,262.6,263.19,255.5,15.56M,-2
"Sep 18, 2014",262.04,255.4,262.8,254.4,20.12M,2.26
"Sep 17, 2014",256.24,258.34,258.81,253.69,13.04M,-0.03
"Sep 16, 2014",256.31,262.9,264.4,255,15.69M,-2.29
"Sep 15, 2014",262.32,261.38,264.39,259.45,17.44M,-0.27
"Sep 12, 2014",263.04,260.5,264.1,258.75,16.37M,1.05
"Sep 11, 2014",260.31,256.32,260.89,256.32,15.98M,2.08
"Sep 10, 2014",255,254.9,256.29,252.56,16.29M,-0.68
"Sep 09, 2014",256.74,256.7,258.99,255.2,12.98M,0.06
"Sep 08, 2014",256.59,253.72,257.2,252.79,17.88M,2
"Sep 05, 2014",251.57,249.1,253,248.61,16.91M,1.19
"Sep 04, 2014",248.62,250.6,250.9,247.6,12.43M,-0.75
"Sep 03, 2014",250.5,252.28,252.93,249.34,15.72M,-0.67
"Sep 02, 2014",252.2,251.72,253.4,250.4,16.51M,0.7
"Sep 01, 2014",250.44,247.7,251.69,247.29,15.19M,1.78
"Aug 28, 2014",246.07,251.2,252.38,245.3,14.70M,-1.77
"Aug 27, 2014",250.5,251,253.53,247.4,14.20M,0.36
"Aug 26, 2014",249.6,249.99,250.9,246.53,14.31M,-0.41
"Aug 25, 2014",250.62,253,257.74,249.17,26.78M,-0.73
"Aug 22, 2014",252.47,247.97,254.9,247.97,26.47M,2.32
"Aug 21, 2014",246.75,241.4,247.69,241.01,27.96M,2.19
"Aug 20, 2014",241.47,244.5,244.83,240.85,16.07M,-1.13
"Aug 19, 2014",244.22,243.42,246.2,242.94,15.95M,0.87
"Aug 18, 2014",242.12,235.5,242.93,235.4,16.56M,2.48
"Aug 14, 2014",236.25,238.1,238.35,235.01,15.80M,-0.27
"Aug 13, 2014",236.9,242.5,243.63,235.25,20.92M,-2.47
"Aug 12, 2014",242.91,242,243.89,240.2,12.33M,0.61
"Aug 11, 2014",241.44,243,244,240.5,12.54M,-0.14
"Aug 08, 2014",241.79,241.2,244.54,239,32.79M,-0.75
"Aug 07, 2014",243.61,241.5,244.9,240.53,15.58M,0.41
"Aug 06, 2014",242.62,245.5,246.47,242.11,12.93M,-1.93
"Aug 05, 2014",247.39,247.66,248.4,244.16,17.96M,0.51
"Aug 04, 2014",246.14,245.3,246.9,244.09,13.95M,0.99
"Aug 01, 2014",243.72,241.5,248.5,241,20.33M,-0.09
"Jul 31, 2014",243.93,245.7,248.2,243.4,18.35M,-1.22
"Jul 30, 2014",246.95,249.1,250.67,243.03,24.26M,-0.81
"Jul 28, 2014",248.97,250.52,253.2,247.5,12.54M,-0.44
"Jul 25, 2014",250.06,254.25,256.7,248.31,13.90M,-2.21
"Jul 24, 2014",255.71,254.9,257.1,253.01,13.00M,0.66
"Jul 23, 2014",254.03,254.2,257.3,251.7,15.63M,0.64
"Jul 22, 2014",252.42,252.8,254.9,250.34,10.26M,0.04
"Jul 21, 2014",252.32,256.1,258.2,251.26,12.81M,-1.53
"Jul 18, 2014",256.25,258.16,258.5,253.76,13.96M,-1.53
"Jul 17, 2014",260.23,255.7,262.29,253.31,16.17M,1.12
"Jul 16, 2014",257.36,253.8,258.64,253.59,21.65M,2.22
"Jul 15, 2014",251.76,242.72,252.49,242.72,20.24M,4.42
"Jul 14, 2014",241.1,242,244.09,236.64,16.14M,-0.59
"Jul 11, 2014",242.53,253.15,254.37,241.2,22.98M,-4.73
"Jul 10, 2014",254.57,258.31,265.19,250.5,37.39M,-1.42
"Jul 09, 2014",258.23,259,261.49,254.55,18.22M,0.28
"Jul 08, 2014",257.52,268.3,269.7,256,17.69M,-4.08
"Jul 07, 2014",268.47,269.71,271.38,267.5,13.94M,-0.5
"Jul 04, 2014",269.81,270.1,271.47,266,15.31M,0.07
"Jul 03, 2014",269.62,270,272.05,267.73,14.37M,-0.23
"Jul 02, 2014",270.23,270,272.9,269.24,16.50M,0.82
"Jul 01, 2014",268.02,269.9,270.9,267.65,9.83M,-0.22
"Jun 30, 2014",268.62,265,270.69,264.56,15.14M,1.79
"Jun 27, 2014",263.89,265.55,266.99,262.8,10.93M,-0.51
"Jun 26, 2014",265.25,270,271.75,263.94,17.97M,-1.46
"Jun 25, 2014",269.19,266.4,270.43,264.72,23.12M,1.08
"Jun 24, 2014",266.32,260.02,267.38,260.02,17.35M,2.42
"Jun 23, 2014",260.02,258.4,262.45,256.7,17.95M,0.66
"Jun 20, 2014",258.31,260.7,262.38,256.76,15.40M,-0.86
"Jun 19, 2014",260.55,264.7,266.83,259.54,21.45M,-1.36
"Jun 18, 2014",264.15,264,268.43,260.67,25.02M,-0.44
"Jun 17, 2014",265.33,256.41,267.24,255.35,22.81M,2.82
"Jun 16, 2014",258.06,261.09,261.5,254.71,17.38M,-1.05
"Jun 13, 2014",260.79,270.8,271,258.6,18.54M,-3.46
"Jun 12, 2014",270.13,269.71,271,267.01,17.61M,0.14
"Jun 11, 2014",269.74,268.3,273.38,266.4,20.88M,1.19
"Jun 10, 2014",266.58,271.4,271.84,265.11,15.60M,-1.55
"Jun 09, 2014",270.79,275.5,276.15,269.71,16.76M,-1.16
"Jun 06, 2014",273.98,273.5,275.47,271.54,23.00M,1.55
"Jun 05, 2014",269.79,268.45,272.3,267.1,21.51M,0.57
"Jun 04, 2014",268.26,262.23,269.37,262.23,19.58M,1.41
"Jun 03, 2014",264.52,266.62,268.81,262.13,31.31M,0.02
"Jun 02, 2014",264.47,254.9,265.17,252.67,22.34M,4.03
"May 30, 2014",254.22,260.3,262,253.1,23.61M,-2.28
"May 29, 2014",260.14,260.29,264.26,258,38.18M,-0.34
"May 28, 2014",261.02,263.7,264.59,259.01,22.10M,-0.73
"May 27, 2014",262.94,269.72,270,261.67,21.14M,-2.68
"May 26, 2014",270.19,283.4,283.49,262.9,43.47M,-1.87
"May 23, 2014",275.35,252,277.7,249.72,89.95M,9.63
"May 22, 2014",251.16,247.5,253.8,247.1,20.12M,2.13
"May 21, 2014",245.93,252.8,253,245.2,23.54M,-2.66
"May 20, 2014",252.66,261.07,261.5,251.04,23.42M,-1.62
"May 19, 2014",256.81,244.9,259.48,244.9,36.04M,6.24
"May 16, 2014",241.72,235,250.7,230.1,79.65M,6.05
"May 15, 2014",227.93,229,230.3,227.24,21.09M,-0.14
"May 14, 2014",228.25,228.2,231.59,226.72,28.87M,0.28
"May 13, 2014",227.61,228,232.4,226.04,32.76M,1.49
"May 12, 2014",224.27,218.8,226.48,218.8,26.44M,3.2
"May 09, 2014",217.32,208,218.52,208,27.64M,3.89
"May 08, 2014",209.18,208.65,210.4,207.12,19.36M,0.77
"May 07, 2014",207.58,205.17,208.5,204.4,19.52M,1.15
"May 06, 2014",205.22,205.98,206.38,204.07,9.84M,0.37
"May 05, 2014",204.46,205.45,206.99,203.5,13.17M,-0.18
"May 02, 2014",204.82,209.5,210.48,204.01,15.45M,-1.46
"Apr 30, 2014",207.86,207,210.78,205.39,22.11M,0.62
"Apr 29, 2014",206.58,211.97,212.49,206,16.51M,-1.92
"Apr 28, 2014",210.62,208,211.9,207.15,16.89M,1
"Apr 25, 2014",208.53,206,211.16,204.29,22.66M,0.97
"Apr 23, 2014",206.52,204.5,207.8,204.09,23.27M,0.82
"Apr 22, 2014",204.85,207.4,207.7,204.02,18.36M,-1.14
"Apr 21, 2014",207.21,202.2,207.88,202.2,18.87M,2.72
"Apr 17, 2014",201.73,196.72,202.2,196.28,21.51M,2.95
"Apr 16, 2014",195.94,196.6,199.47,195.01,19.38M,-0.24
"Apr 15, 2014",196.41,199.5,200.47,194.76,16.86M,-1.5
"Apr 11, 2014",199.41,201.5,202.97,198.44,20.90M,-1.68
"Apr 10, 2014",202.81,199.5,204,199.02,28.80M,2.17
"Apr 09, 2014",198.5,193,199.2,193,26.63M,3.26
"Apr 07, 2014",192.24,190.97,192.57,189.84,22.63M,1.03
"Apr 04, 2014",190.28,189.9,191.23,187.01,20.80M,0.35
"Apr 03, 2014",189.62,193.4,193.8,188.36,20.43M,-2
"Apr 02, 2014",193.49,192,194,188.78,19.20M,2.18
"Apr 01, 2014",189.37,192.8,193.35,186.75,22.27M,-1.25
"Mar 31, 2014",191.77,191.5,193.88,188.52,25.92M,0.83
"Mar 28, 2014",190.19,185.65,191.59,185.65,33.30M,3.53
"Mar 27, 2014",183.7,178,185.38,178,48.59M,3.93
"Mar 26, 2014",176.75,175.41,177.4,174.16,20.28M,1.38
"Mar 25, 2014",174.34,173.28,174.77,172.81,16.79M,1.03
"Mar 24, 2014",172.56,171.09,173.99,171.09,16.49M,1.3
"Mar 22, 2014",170.35,170.34,170.8,169.75,884.11K,0.08
"Mar 21, 2014",170.22,169.8,171.18,168.9,16.90M,1.45
"Mar 20, 2014",167.79,170.6,170.6,167.25,14.05M,-1.81
"Mar 19, 2014",170.88,171,171.95,169.66,17.80M,0.44
"Mar 18, 2014",170.13,165.5,170.9,165.5,29.19M,2.85
"Mar 14, 2014",165.41,163.6,166.88,163.4,17.04M,0.12
"Mar 13, 2014",165.21,165,169.6,164.29,29.31M,0.43
"Mar 12, 2014",164.51,165.93,167.4,163.75,17.21M,-1.77
"Mar 11, 2014",167.48,169,172.21,166.6,25.63M,-1.03
"Mar 10, 2014",169.22,164.4,171.1,164,44.18M,2.58
"Mar 07, 2014",164.97,158.4,166.44,158.23,51.53M,4.58
"Mar 06, 2014",157.74,158.35,158.35,156.2,22.60M,0.05
"Mar 05, 2014",157.66,156,158.2,154,25.00M,1.7
"Mar 04, 2014",155.03,151.8,155.49,151.5,17.25M,2.1
"Mar 03, 2014",151.84,153,155.86,151.51,16.18M,-0.97
"Feb 28, 2014",153.32,152.92,153.94,151.8,13.11M,0.84
"Feb 26, 2014",152.04,151,153.48,150.53,31.77M,0.96
"Feb 25, 2014",150.6,151.7,152.1,149.91,9.45M,-0.3
"Feb 24, 2014",151.05,150.07,151.74,148.92,10.30M,0.56
"Feb 21, 2014",150.21,148.5,150.5,148.5,9.43M,1.45
"Feb 20, 2014",148.06,149.7,150.1,147.63,10.36M,-1.82
"Feb 19, 2014",150.81,149.99,151.5,149.8,9.75M,0.48
"Feb 18, 2014",150.09,147.7,150.98,147.11,13.98M,1.85
"Feb 17, 2014",147.36,147,148.49,146.32,16.60M,-0.1
"Feb 14, 2014",147.51,150.23,151.48,145.51,45.82M,-1.7
"Feb 13, 2014",150.06,153.3,153.58,149.6,13.25M,-2.08
"Feb 12, 2014",153.25,152.71,154,151.81,15.54M,0.84
"Feb 11, 2014",151.97,151.5,152.75,151.45,7.12M,0.37
"Feb 10, 2014",151.41,153.03,153.28,150.73,10.49M,-0.88
"Feb 07, 2014",152.76,152,153.47,150.35,18.20M,1.51
"Feb 06, 2014",150.49,152.21,153.79,149.34,16.12M,-1.1
"Feb 05, 2014",152.17,151.89,152.99,150.11,13.23M,0.42
"Feb 04, 2014",151.54,147.4,152.2,146.68,18.00M,1.81
"Feb 03, 2014",148.84,152.5,152.9,148.5,14.15M,-2.32
"Jan 31, 2014",152.38,153.05,153.9,151.3,13.17M,0.47
"Jan 30, 2014",151.66,155.5,155.8,151,20.96M,-3.63
"Jan 29, 2014",157.37,161.3,162.18,157,17.59M,-1.42
"Jan 28, 2014",159.63,160.31,162.8,157.82,18.30M,0.11
"Jan 27, 2014",159.45,159.79,160.4,158.31,15.69M,-1.65
"Jan 24, 2014",162.12,164.9,166.49,161.8,16.62M,-2.24
"Jan 23, 2014",165.83,163.9,166.3,163.62,9.24M,0.69
"Jan 22, 2014",164.69,165.4,165.79,163.53,9.82M,-0.76
"Jan 21, 2014",165.95,165.39,167.27,164.62,12.35M,1.07
"Jan 20, 2014",164.19,162.16,164.59,161.66,9.47M,1.25
"Jan 17, 2014",162.16,163.46,164.45,161.7,11.21M,-0.89
"Jan 16, 2014",163.62,164.41,165.18,163.25,7.24M,-0.27
"Jan 15, 2014",164.07,163.2,165.8,163.2,13.62M,0.81
"Jan 14, 2014",162.75,163.5,164.9,162.34,10.20M,-0.83
"Jan 13, 2014",164.12,161.01,164.51,161.01,15.56M,2.06
"Jan 10, 2014",160.81,163.96,165.6,160,20.47M,-1.93
"Jan 09, 2014",163.98,165.3,166.28,163,14.79M,-1.05
"Jan 08, 2014",165.72,166.43,167.79,165.1,14.25M,-0.25
"Jan 07, 2014",166.14,169.29,170.2,165.5,17.35M,-1.58
"Jan 06, 2014",168.81,172.19,172.4,168.2,13.91M,-1.84
"Jan 03, 2014",171.97,172.7,173.6,171.1,13.76M,-1.31
"Jan 02, 2014",174.26,176.59,180.6,173.22,19.45M,-1.27
"Jan 01, 2014",176.5,177.2,177.49,176.12,5.90M,-0.08
"Dec 31, 2013",176.65,175.94,177.3,174.97,10.75M,0.11
"Dec 30, 2013",176.46,178.08,178.87,175.51,10.86M,-0.31
"Dec 27, 2013",177.01,175.5,178.14,175.5,10.70M,0.95
"Dec 26, 2013",175.34,175.3,177.17,174.7,16.33M,-0.34
"Dec 24, 2013",175.93,175.91,177.2,175.2,13.34M,0.05
"Dec 23, 2013",175.84,174.5,177.28,174.5,13.32M,0.41
"Dec 20, 2013",175.12,172.5,175.8,172,15.02M,1.17
"Dec 19, 2013",173.1,177.23,177.84,171.25,18.37M,-1.84
"Dec 18, 2013",176.34,171.5,177.89,171.5,23.58M,2.62
"Dec 17, 2013",171.83,175.02,175.5,171.26,17.63M,-0.8
"Dec 16, 2013",173.21,173.01,176.19,172.74,13.02M,-0.66
"Dec 13, 2013",174.36,175.8,177,174.01,16.46M,-1.88
"Dec 12, 2013",177.7,179,179.8,177.16,15.82M,-1.09
"Dec 11, 2013",179.66,184,184.29,178.15,20.71M,-2.53
"Dec 10, 2013",184.33,189.47,189.86,183.63,18.86M,-2.52
"Dec 09, 2013",189.09,191.1,192.4,188.5,18.78M,1.68
"Dec 06, 2013",185.96,185.2,186.71,184.5,14.50M,0.2
"Dec 05, 2013",185.59,186,188.26,184.62,23.66M,2.12
"Dec 04, 2013",181.74,180.7,183.47,179.7,15.43M,0.22
"Dec 03, 2013",181.35,181.5,182.98,180.53,14.81M,-0.48
"Dec 02, 2013",182.22,182.7,185.35,181.24,17.46M,0.15
"Nov 29, 2013",181.94,176.1,182.7,176.1,23.40M,3.16
"Nov 28, 2013",176.36,177.7,179.06,176.07,18.43M,-0.01
"Nov 27, 2013",176.37,178.6,179.87,175.69,13.69M,-1.21
"Nov 26, 2013",178.53,180,181.95,178.1,16.05M,-1.18
"Nov 25, 2013",180.66,174.15,181.16,174,22.74M,3.95
"Nov 22, 2013",173.79,176.76,178.09,173.5,17.75M,-1.42
"Nov 21, 2013",176.29,178.25,178.86,175.5,23.68M,-1.83
"Nov 20, 2013",179.57,181.9,183.47,178.2,23.36M,-1.52
"Nov 19, 2013",182.34,176.4,183,176.3,28.70M,3.16
"Nov 18, 2013",176.76,174.53,177,173.21,18.95M,2.58
"Nov 14, 2013",172.31,172.31,174.09,170.57,18.33M,1.53
"Nov 13, 2013",169.71,165.81,173.73,165.26,60.41M,1.45
"Nov 12, 2013",167.29,170.49,171.7,166.9,24.33M,-1.85
"Nov 11, 2013",170.44,172.97,175.29,169.53,18.52M,-2.29
"Nov 08, 2013",174.43,174.9,176.8,173,17.64M,-0.47
"Nov 07, 2013",175.26,181.08,182.8,174.7,31.28M,-3.15
"Nov 06, 2013",180.96,186.2,188.53,180.4,23.16M,-3.53
"Nov 05, 2013",187.59,187.23,190.79,184.02,21.89M,-0.55
"Nov 03, 2013",188.63,189.1,190.5,188.05,5.25M,0.39
"Nov 01, 2013",187.9,179.3,189,178.93,34.20M,4.57
"Oct 31, 2013",179.68,171.79,180.34,170.57,33.46M,4.4
"Oct 30, 2013",172.1,174.81,175.85,171.47,14.47M,-1.11
"Oct 29, 2013",174.04,167.1,174.5,164.56,30.15M,3.88
"Oct 28, 2013",167.54,172.5,173.89,167.14,13.06M,-2.64
"Oct 25, 2013",172.09,171.5,173.97,170,14.22M,0.15
"Oct 24, 2013",171.83,171.8,174.49,170.76,21.27M,0.1
"Oct 23, 2013",171.66,169.2,173.49,168.5,32.88M,2.47
"Oct 22, 2013",167.53,167,169.19,166,13.67M,0.22
"Oct 21, 2013",167.16,166.71,169.5,166.2,14.56M,0.42
"Oct 18, 2013",166.46,162.9,167.19,162.7,16.84M,2.67
"Oct 17, 2013",162.13,162.56,163.48,160,19.85M,-0.09
"Oct 15, 2013",162.28,166.4,169.35,161.11,23.22M,-2.08
"Oct 14, 2013",165.72,164.62,166.9,164.37,10.58M,0.27
"Oct 11, 2013",165.28,165,167.19,163.1,15.98M,1.22
"Oct 10, 2013",163.29,161.03,163.96,160.8,17.34M,1.49
"Oct 09, 2013",160.9,159.09,161.78,157.38,34.18M,0.09
"Oct 08, 2013",160.75,167.53,167.95,159.75,26.71M,-1.57
"Oct 07, 2013",163.31,164.12,164.5,162,11.36M,-1.06
"Oct 04, 2013",165.06,165,167.8,163,20.20M,-0.58
"Oct 03, 2013",166.02,164.3,166.5,162.52,17.64M,1.02
"Oct 01, 2013",164.34,162.24,164.84,161.4,12.55M,1.76
"Sep 30, 2013",161.49,161.38,162.8,159.66,16.84M,-1.57
"Sep 27, 2013",164.07,168.06,168.86,162.74,16.45M,-2.11
"Sep 26, 2013",167.61,168.53,169.76,166.43,16.40M,-0.97
"Sep 25, 2013",169.26,164.03,170.22,164.02,31.71M,2.89
"Sep 24, 2013",164.5,162,165.41,159.62,27.96M,-0.59
"Sep 23, 2013",165.47,170.91,171.4,164.34,24.90M,-5.31
"Sep 20, 2013",174.75,181.38,184.45,169.24,50.47M,-3.34
"Sep 19, 2013",180.78,174.4,181.8,174.31,33.44M,8.01
"Sep 18, 2013",167.37,164.5,167.82,163.69,13.96M,2.45
"Sep 17, 2013",163.37,165.2,166,162.72,16.47M,-0.77
"Sep 16, 2013",164.63,169.7,170.5,163.53,22.54M,-0.89
"Sep 13, 2013",166.11,163.8,168.6,163.1,17.63M,0.16
"Sep 12, 2013",165.84,170,170.77,164.6,19.02M,-1.87
"Sep 11, 2013",169,162.29,169.78,160.23,28.93M,3.46
"Sep 10, 2013",163.35,166,169.51,162.1,21.51M,-0.07
"Sep 06, 2013",163.46,163.8,164.8,159.69,24.83M,-0.21
"Sep 05, 2013",163.81,153.6,164.45,153.34,41.01M,9.63
"Sep 04, 2013",149.42,147.6,151.15,145.57,23.86M,1.26
"Sep 03, 2013",147.56,152.5,153.46,146.11,21.05M,-2.68
"Sep 02, 2013",151.63,152,154,151.03,13.42M,-0.18
"Aug 30, 2013",151.9,148.64,152.6,147.03,21.56M,2.1
"Aug 29, 2013",148.78,151.3,152.46,147.25,20.08M,-0.67
"Aug 28, 2013",149.78,150,151.2,145.27,25.27M,-1.46
"Aug 27, 2013",152,154.2,154.22,150.15,23.25M,-2.39
"Aug 26, 2013",155.72,157.11,158.49,154.51,17.00M,-0.12
"Aug 23, 2013",155.91,156.66,158.68,154.21,22.29M,-0.36
"Aug 22, 2013",156.47,153.27,157.19,151.23,39.52M,1.08
"Aug 21, 2013",154.8,164,165.09,152.3,32.62M,-0.39
"Aug 20, 2013",155.41,150,156.16,148.86,24.47M,1.54
"Aug 19, 2013",153.05,156.8,156.8,152.1,27.36M,-2.55
"Aug 16, 2013",157.06,161.09,161.4,155.3,33.16M,-3.31
"Aug 14, 2013",162.44,162.4,164.34,160.8,22.63M,0.27
"Aug 13, 2013",162,159.47,162.7,157.5,40.05M,0.92
"Aug 12, 2013",160.53,166.41,166.97,157.5,54.40M,-3.53
"Aug 08, 2013",166.41,170.82,171.81,165,22.00M,-3.03
"Aug 07, 2013",171.61,164.5,172.9,163.6,30.64M,4.55
"Aug 06, 2013",164.14,166.5,167.64,163.31,25.45M,-2.43
"Aug 05, 2013",168.22,168.8,169.4,165.56,17.65M,0.1
"Aug 02, 2013",168.06,168.8,170.9,166.5,25.31M,-0.15
"Aug 01, 2013",168.32,171.79,172.3,166.5,23.62M,-1.48
"Jul 31, 2013",170.84,171.78,171.98,169,30.36M,-0.86
"Jul 30, 2013",172.33,174.43,177.4,171.84,27.91M,-0.96
"Jul 29, 2013",174,176.72,177,173.28,16.55M,-1.43
"Jul 26, 2013",176.53,181.1,182.32,175.17,26.17M,-1.82
"Jul 25, 2013",179.81,179.4,181.6,178.91,29.96M,-0.17
"Jul 24, 2013",180.12,182,182.7,178.63,26.28M,-3.21
"Jul 23, 2013",186.09,183.8,186.97,183.27,14.17M,1.98
"Jul 22, 2013",182.47,180.7,183.48,180.6,9.69M,0.74
"Jul 19, 2013",181.13,182.9,182.9,179.87,14.08M,-0.71
"Jul 18, 2013",182.43,181.3,183.09,179.1,20.49M,0.97
"Jul 17, 2013",180.67,183.6,183.9,179.01,24.11M,-1.14
"Jul 16, 2013",182.76,186,186,179.75,30.41M,-4.43
"Jul 15, 2013",191.23,189.17,191.72,186.8,23.21M,1
"Jul 12, 2013",189.34,191.6,192,188.13,14.99M,-0.94
"Jul 11, 2013",191.13,191.1,192.8,190,15.68M,1.87
"Jul 10, 2013",187.63,190.71,192.38,186.53,19.18M,-0.97
"Jul 09, 2013",189.47,188.7,191.25,188.06,22.89M,1.15
"Jul 08, 2013",187.32,187.9,188.19,185.01,15.42M,-1.12
"Jul 05, 2013",189.44,192.11,192.77,188.82,17.58M,-0.29
"Jul 04, 2013",190,190.19,192.34,187.26,28.49M,0.06
"Jul 03, 2013",189.88,197.6,197.6,189.28,25.31M,-4.58
"Jul 02, 2013",198.99,201.12,202.9,198.23,16.27M,-1.28
"Jul 01, 2013",201.56,196.3,202.1,195.5,15.14M,3.16
"Jun 28, 2013",195.38,193.8,195.74,193,15.66M,2.16
"Jun 27, 2013",191.25,192.15,193,190.1,19.89M,0.66
"Jun 26, 2013",190,191.4,192.57,189.21,20.56M,-0.41
"Jun 25, 2013",190.78,194.8,194.95,190.12,30.78M,-2.08
"Jun 24, 2013",194.84,198.31,198.71,193,21.81M,-2.05
"Jun 21, 2013",198.91,199.4,200.88,196.63,26.46M,-0.42
"Jun 20, 2013",199.75,200.9,201.98,198.74,26.52M,-2.36
"Jun 19, 2013",204.58,204.4,205.22,202.87,15.40M,0.11
"Jun 18, 2013",204.36,206.3,207.5,203.72,15.41M,-1.07
"Jun 17, 2013",206.58,205.25,207.4,199.22,25.62M,0.97
"Jun 14, 2013",204.59,203.6,205.9,203.09,18.14M,1.34
"Jun 13, 2013",201.88,199,203.58,198.52,21.11M,0.64
"Jun 12, 2013",200.6,202.9,202.9,197.06,31.89M,0.43
"Jun 11, 2013",199.75,200.5,202.6,198.2,27.83M,-0.7
"Jun 10, 2013",201.16,204,204.7,200.11,14.60M,-0.62
"Jun 07, 2013",202.41,203.5,207.5,201.5,18.94M,-1.21
"Jun 06, 2013",204.88,202.32,206.7,200.65,24.86M,0.84
"Jun 05, 2013",203.18,202.6,204.44,201.2,19.68M,0.18
"Jun 04, 2013",202.82,207,208.4,202.1,18.89M,-2.01
"Jun 03, 2013",206.99,204.81,208.19,204,21.80M,1.13
"May 31, 2013",204.68,208.19,208.9,204.21,20.77M,-2
"May 30, 2013",208.85,210,211.99,207.91,24.35M,-0.85
"May 29, 2013",210.63,213.51,213.93,209.81,16.84M,-1.1
"May 28, 2013",212.98,213.54,216.18,212.25,21.43M,-1.49
"May 27, 2013",216.21,215.4,218.33,214.68,22.38M,0.51
"May 24, 2013",215.12,219.2,219.8,212.74,34.75M,-1.21
"May 23, 2013",217.76,235.5,235.5,215.3,63.82M,-7.85
"May 22, 2013",236.3,238,240.22,234.56,15.13M,0.1
"May 21, 2013",236.07,242,242.9,235.39,19.35M,-2.12
"May 20, 2013",241.18,243,247.2,240.25,18.15M,-0.54
"May 17, 2013",242.49,242.04,243.47,238.8,16.89M,0.23
"May 16, 2013",241.94,237.53,243.91,237.2,22.68M,1.54
"May 15, 2013",238.28,231.01,239.28,230.53,27.23M,3.91
"May 14, 2013",229.31,227.32,231.86,226.64,19.82M,0.68
"May 13, 2013",227.77,230.5,231.88,226.81,12.81M,-1.21
"May 11, 2013",230.57,229.1,231.5,229.1,1.09M,0.53
"May 10, 2013",229.36,228.99,232.3,228.38,18.60M,0.12
"May 09, 2013",229.09,226,232.68,224.4,22.59M,1.61
"May 08, 2013",225.47,226,227.3,223.16,14.80M,-0.09
"May 07, 2013",225.68,222,226.4,221.85,12.90M,1.38
"May 06, 2013",222.61,220.56,223.25,218.3,19.60M,0.56
"May 03, 2013",221.38,228.5,229.34,220.6,36.58M,-3.72
"May 02, 2013",229.94,227.5,232.69,226.51,20.14M,1.55
"Apr 30, 2013",226.43,228.2,229.25,222.53,14.81M,-0.4
"Apr 29, 2013",227.35,230.2,230.94,226.21,13.96M,-0.63
"Apr 26, 2013",228.79,232.5,233.46,227.72,11.55M,-2
"Apr 25, 2013",233.46,230.9,234.3,229.4,20.54M,2.06
"Apr 23, 2013",228.75,234,234.33,226.6,18.77M,-1.7
"Apr 22, 2013",232.71,230.64,236,230.64,14.45M,1.19
"Apr 18, 2013",229.97,225.34,231.25,223.5,21.38M,2.43
"Apr 17, 2013",224.51,219.5,226.99,219.5,24.64M,2.84
"Apr 16, 2013",218.31,214.8,219.4,214,14.84M,1.71
"Apr 15, 2013",214.63,206.3,215.84,206.26,18.09M,3.1
"Apr 12, 2013",208.18,204,209.7,202,20.63M,1.93
"Apr 11, 2013",204.24,203.48,205,200.8,18.85M,0.95
"Apr 10, 2013",202.31,199.9,202.87,197.61,18.99M,1.76
"Apr 09, 2013",198.82,204.53,206.6,198,18.25M,-2.24
"Apr 08, 2013",203.37,205.74,207.14,202.87,10.81M,-1.12
"Apr 05, 2013",205.67,206.76,208.4,204.2,16.15M,-0.53
"Apr 04, 2013",206.76,209.04,209.7,205.75,15.06M,-1.76
"Apr 03, 2013",210.46,213.62,215.69,209.06,23.04M,-1.67
"Apr 02, 2013",214.04,208.22,214.8,207.56,15.28M,2.38
"Apr 01, 2013",209.06,208.5,209.79,206.65,11.16M,0.86
"Mar 28, 2013",207.28,204.88,208,203.1,18.80M,1.1
"Mar 26, 2013",205.03,205,206.79,202.71,16.27M,-0.38
"Mar 25, 2013",205.82,212.49,212.5,205.29,22.64M,-1.24
"Mar 22, 2013",208.4,212.32,213,207.6,20.89M,-1.67
"Mar 21, 2013",211.94,212.6,215.9,208.03,32.31M,-0.05
"Mar 20, 2013",212.04,219.95,220.97,211.03,23.05M,-3.77
"Mar 19, 2013",220.35,226.6,226.97,217.01,40.39M,-2.06
"Mar 18, 2013",224.98,223.77,225.92,223.34,11.22M,-0.54
"Mar 15, 2013",226.2,226.4,227.38,223.75,22.16M,0.31
"Mar 14, 2013",225.5,217.9,226.15,216.52,33.67M,3.47
"Mar 13, 2013",217.94,219.7,221.81,217.12,21.05M,-1.25
"Mar 12, 2013",220.69,220.7,222.8,218.31,21.84M,0.1
"Mar 11, 2013",220.47,220.94,222.1,219.37,14.15M,-0.22
"Mar 08, 2013",220.95,217.72,221.9,217.61,19.46M,2
"Mar 07, 2013",216.62,216.22,217.2,214.51,11.77M,-0.11
"Mar 06, 2013",216.86,214.1,217.5,213.65,21.54M,1.88
"Mar 05, 2013",212.85,211.2,213.9,208.14,19.06M,1.38
"Mar 04, 2013",209.95,208.74,210.86,207.65,18.28M,0.57
"Mar 01, 2013",208.76,208.7,210.9,206.6,21.68M,0.32
"Feb 28, 2013",208.09,223.4,223.67,205.1,58.73M,-5.99
"Feb 27, 2013",221.34,221.25,223.26,219.7,14.10M,0.68
"Feb 26, 2013",219.84,220.8,221.6,218.87,16.45M,-1.01
"Feb 25, 2013",222.09,221,223.9,220.1,16.89M,1.13
"Feb 22, 2013",219.6,221.1,222.54,219,18.28M,-0.66
"Feb 21, 2013",221.06,223.94,224.29,220.01,19.31M,-1.84
"Feb 20, 2013",225.21,228.5,228.72,224.66,16.09M,-0.94
"Feb 19, 2013",227.35,226.88,228,223.7,13.69M,0.48
"Feb 18, 2013",226.27,223.5,226.88,223.5,18.38M,1.31
"Feb 15, 2013",223.34,220.7,224.77,220.51,21.13M,0.8
"Feb 14, 2013",221.57,225,226.9,217.5,60.92M,-1.73
"Feb 13, 2013",225.47,230.2,232.32,224.25,27.60M,-1.82
"Feb 12, 2013",229.64,230.1,230.76,227.88,13.30M,0.09
"Feb 11, 2013",229.44,228.99,231.19,227.74,14.81M,0.36
"Feb 08, 2013",228.62,232,234.29,227.61,17.65M,-1.74
"Feb 07, 2013",232.66,233.4,236.4,232.01,13.76M,-0.94
"Feb 06, 2013",234.87,238.5,238.79,234.2,13.87M,-0.96
"Feb 05, 2013",237.15,235,238.06,232.81,22.38M,0.8
"Feb 04, 2013",235.26,241.75,242.93,234.5,18.60M,-2.48
"Feb 01, 2013",241.24,243.1,245.21,240.1,14.52M,-1.05
,,,,,,
,Highest:373.80,Lowest:145.27,Difference:228.53,Average:256.08,Change %:24.12,
